"","name","cdcgov url (prop46)","visitorid url","cdcgovPageviews","visitorIDPageviews","delta","deltaPer","cdcgovVisitors","visitorIDVisitors","visitordelta","visitordeltaPer"
"1","Centers for Disease Control and Prevention","https://www.cdc.gov","https://wwwdev.cdc.gov",78739,75641,3098,3.93,64125,55817,8308,12.96
"2","Adult BMI Calculator | Healthy Weight | CDC","","https://www.cdc.gov/healthyweight/assessing/bmi/adult_BMI/english_bmi_calculator/bmi_calculator.html",19112,18608,504,2.64,13654,10213,3441,25.2
"3","Influenza (Flu) | CDC","https://www.cdc.gov/flu/index.htm","https://www.cdc.gov/flu",15061,14740,321,2.13,12267,11135,1132,9.23
"4","Weekly U.S. Influenza Surveillance Report | Seasonal Influenza (Flu) | CDC","https://www.cdc.gov/flu/weekly/index.htm","https://www.cdc.gov/flu/weekly",11508,11153,355,3.08,10001,9001,1000,10
"5","STD Facts - Genital Herpes","https://www.cdc.gov/std/herpes/stdfact-herpes.htm","https://www.cdc.gov/std/herpes/stdfact-herpes.htm",11299,11119,180,1.59,10164,9508,656,6.45
"6","Flu Symptoms & Complications | Seasonal Influenza (Flu) | CDC","https://www.cdc.gov/flu/about/disease/complications.htm","https://www.cdc.gov/flu/about/disease/complications.htm",11336,11076,260,2.29,10253,9595,658,6.42
"7","Frequently Asked Flu Questions 2016-2017 Influenza Season | Seasonal Influenza (Flu) | CDC","","https://www.cdc.gov/flu/about/season/flu-season-2016-2017.htm",10940,10694,246,2.25,9881,9104,777,7.86
"8","Areas with Zika | Zika virus | CDC","https://www.cdc.gov/zika/geo","https://www.cdc.gov/zika/geo",10950,10682,268,2.45,8627,7576,1051,12.18
"9","STD Facts - Human papillomavirus (HPV)","https://www.cdc.gov/std/hpv/stdfact-hpv.htm","https://www.cdc.gov/std/hpv/stdfact-hpv.htm",10375,10156,219,2.11,9291,8576,715,7.7
"10","Leptospirosis | CDC","https://www.cdc.gov/leptospirosis","https://www.cdc.gov/leptospirosis",9939,9641,298,3,7592,6887,705,9.29
"11","Birth-18 Years and Catchup Immunization Schedules for Providers | CDC","https://www.cdc.gov/vaccines/schedules/hcp/child-adolescent.html","https://www.cdc.gov/vaccines/schedules/hcp/child-adolescent.html",10040,9583,457,4.55,7828,6152,1676,21.41
"12","Weekly US Map: Influenza Summary Update | Seasonal Influenza (Flu) | CDC","https://www.cdc.gov/flu/weekly/usmap.htm","https://www.cdc.gov/flu/weekly/usmap.htm",9798,9470,328,3.35,8424,7625,799,9.48
"13","STD Facts - Chlamydia","https://www.cdc.gov/std/chlamydia/stdfact-chlamydia.htm","https://www.cdc.gov/std/chlamydia/stdfact-chlamydia.htm",9556,9365,191,2,8733,8104,629,7.2
"14","Norovirus | Home | CDC","https://www.cdc.gov/norovirus","https://www.cdc.gov/norovirus",9214,8993,221,2.4,7893,7237,656,8.31
"15","Countries & Territories with Active Local Zika Virus Transmission | Zika virus | CDC","","https://www.cdc.gov/zika/geo/active-countries.html",9247,8955,292,3.16,7425,6518,907,12.22
"16","Vaccine Information Statement | Current VISs | CDC","https://www.cdc.gov/vaccines/hcp/vis/current-vis.html","https://www.cdc.gov/vaccines/hcp/vis/current-vis.html",9315,8676,639,6.86,6101,4280,1821,29.85
"17","Zika Virus | CDC","https://www.cdc.gov/zika","",8302,8090,212,2.55,6586,5859,727,11.04
"18","Norovirus | Symptoms | CDC","https://www.cdc.gov/norovirus/about/symptoms.html","https://www.cdc.gov/norovirus/about/symptoms.html",8173,7978,195,2.39,7232,6501,731,10.11
"19","Birth-18 Years Immunization Schedule | CDC","https://www.cdc.gov/vaccines/schedules/hcp/imz/child-adolescent.html","https://www.cdc.gov/vaccines/schedules/hcp/imz/child-adolescent.html",8079,7788,291,3.6,7088,6329,759,10.71
"20","The Flu: What To Do If You Get Sick | Seasonal Influenza (Flu) | CDC","https://www.cdc.gov/flu/takingcare.htm","https://www.cdc.gov/flu/takingcare.htm",7816,7689,127,1.62,7077,6587,490,6.92
"21","Where to Write for Vital Records - Homepage","https://www.cdc.gov/nchs/w2w/index.htm","https://www.cdc.gov/nchs/w2w",7599,7384,215,2.83,5953,5446,507,8.52
"22","Multi-state Outbreak of Seoul Virus | Hantavirus | DHCPP | CDC","https://www.cdc.gov/hantavirus/outbreaks/seoul-virus","https://www.cdc.gov/hantavirus/outbreaks/seoul-virus",7453,7380,73,0.98,6660,5868,792,11.89
"23","La influenza: Lo que se debe hacer en caso de enfermarse | Influenza (gripe) estacional | CDC","https://espanol.cdc.gov/enes/flu/takingcare.htm","https://espanol.cdc.gov/enes/flu/takingcare.htm",7362,7263,99,1.34,6165,5886,279,4.53
"24","Vaccines and Immunizations | Home | CDC","","https://www.cdc.gov/vaccines",6711,6510,201,3,5368,4662,706,13.15
"25","Immunization Schedules | CDC","","https://www.cdc.gov/vaccines/schedules",6544,6324,220,3.36,5325,4662,663,12.45
"26","2016-2017 Flu Season | Seasonal Influenza (Flu) | CDC","https://www.cdc.gov/flu/about/season/current.htm","https://www.cdc.gov/flu/about/season/current.htm",6542,6299,243,3.71,5465,4923,542,9.92
"27","Sífilis - Enfermedades de transmisión sexual","https://www.cdc.gov/std/spanish/sifilis/stdfact-syphilis-s.htm","https://www.cdc.gov/std/spanish/sifilis/stdfact-syphilis-s.htm",6218,6139,79,1.27,5264,5128,136,2.58
"28","STD Facts - Gonorrhea","","https://www.cdc.gov/std/gonorrhea/stdfact-gonorrhea.htm",5963,5829,134,2.25,5412,5057,355,6.56
"29","STD Facts - Trichomoniasis","https://www.cdc.gov/std/trichomonas/stdfact-trichomoniasis.htm","https://www.cdc.gov/std/trichomonas/stdfact-trichomoniasis.htm",5888,5751,137,2.33,5316,4942,374,7.04
"30","Tips From Former Smokers | Tips From Former Smokers | CDC","https://www.cdc.gov/tobacco/campaign/tips","https://www.cdc.gov/tobacco/campaign/tips",5798,5735,63,1.09,5069,4675,394,7.77
"31","Diseases & Conditions | CDC","https://www.cdc.gov/DiseasesConditions","https://www.cdc.gov/diseasesconditions",5834,5597,237,4.06,4213,3779,434,10.3
"32","Norovirus | About Norovirus | CDC","https://www.cdc.gov/norovirus/about","https://www.cdc.gov/norovirus/about",5633,5504,129,2.29,4447,4067,380,8.55
"33","Flu Symptoms & Severity | Seasonal Influenza (Flu) | CDC","https://www.cdc.gov/flu/consumer/symptoms.htm","https://www.cdc.gov/flu/consumer/symptoms.htm",5605,5501,104,1.86,5163,4814,349,6.76
"34","Vaccine Information Statement | Home | VIS | CDC","https://www.cdc.gov/vaccines/hcp/vis","https://www.cdc.gov/vaccines/hcp/vis",5908,5486,422,7.14,4581,4065,516,11.26
"35","Body Mass Index (BMI) | Healthy Weight | CDC","https://www.cdc.gov/healthyweight/assessing/bmi","https://www.cdc.gov/healthyweight/assessing/bmi",5392,5202,190,3.52,4221,3760,461,10.92
"36","Gonorrea - Enfermedades de transmisión sexual","https://www.cdc.gov/std/spanish/gonorrea/stdfact-gonorrhea-s.htm","https://www.cdc.gov/std/spanish/gonorrea/stdfact-gonorrhea-s.htm",5027,4965,62,1.23,4387,4279,108,2.46
"37","Los síntomas de la influenza y sus complicaciones | Influenza (gripe) estacional | CDC","https://espanol.cdc.gov/enes/flu/about/disease/complications.htm","https://espanol.cdc.gov/enes/flu/about/disease/complications.htm",5007,4938,69,1.38,4244,4110,134,3.16
"38","STD Facts - Syphilis","https://www.cdc.gov/std/syphilis/stdfact-syphilis.htm","https://www.cdc.gov/std/syphilis/stdfact-syphilis.htm",5018,4875,143,2.85,4448,4155,293,6.59
"39","CDC | Milestones | Learn the Signs. Act Early. | NCBDDD","https://www.cdc.gov/ncbddd/actearly/milestones","",4948,4850,98,1.98,3306,2934,372,11.25
"40","Adult Immunization Schedules and Tools for Providers | CDC","","https://www.cdc.gov/vaccines/schedules/hcp/adult.html",4976,4735,241,4.84,4017,3296,721,17.95
"41","Herpes genital - Enfermedades de transmisión sexual","https://www.cdc.gov/std/spanish/herpes/stdfact-herpes-s.htm","https://www.cdc.gov/std/spanish/herpes/stdfact-herpes-s.htm",4782,4725,57,1.19,4175,4074,101,2.42
"42","Seasonal Influenza: Flu Basics | Seasonal Influenza (Flu) | CDC","https://www.cdc.gov/flu/about/disease","https://www.cdc.gov/flu/about/disease",4714,4580,134,2.84,3772,3388,384,10.18
"43","Immunization Schedules for Children in Easy-to-read Formats | CDC","","https://www.cdc.gov/vaccines/schedules/easy-to-read/child.html",4543,4368,175,3.85,4006,3524,482,12.03
"44","Advice for people living in or traveling to South Florida | Zika virus | CDC","","https://www.cdc.gov/zika/intheus/florida-update.html",4398,4296,102,2.32,3657,3192,465,12.72
"45","CDC - Fact Sheet - Health Effects of Cigarette Smoking - Smoking & Tobacco Use","https://www.cdc.gov/tobacco/data_statistics/fact_sheets/health_effects/effects_cig_smoking","https://www.cdc.gov/tobacco/data_statistics/fact_sheets/health_effects/effects_cig_smoking",4387,4201,186,4.24,3626,3308,318,8.77
"46","NHSN | CDC","https://www.cdc.gov/nhsn","",4190,4136,54,1.29,3532,2510,1022,28.94
"47","Opioid Overdose | Drug Overdose | CDC Injury Center","https://www.cdc.gov/drugoverdose","https://www.cdc.gov/drugoverdose",4223,4060,163,3.86,3524,3083,441,12.51
"48","Hepatitis C FAQs for the Public | Division of Viral Hepatitis | CDC","https://www.cdc.gov/hepatitis/hcv/cfaq.htm","https://www.cdc.gov/hepatitis/hcv/cfaq.htm",4067,3965,102,2.51,3686,3466,220,5.97
"49","Maps of Zika in the United States | Zika virus | CDC","https://www.cdc.gov/zika/intheus/maps-zika-us.html","https://www.cdc.gov/zika/intheus/maps-zika-us.html",4009,3896,113,2.82,3492,3114,378,10.82
"50","Listeria (Listeriosis) | Listeria | CDC","https://www.cdc.gov/listeria","https://www.cdc.gov/listeria",3776,3707,69,1.83,2713,2497,216,7.96
"51","Meningitis | About Bacterial Meningitis Infection | CDC","https://www.cdc.gov/meningitis/bacterial.html","https://www.cdc.gov/meningitis/bacterial.html",3791,3678,113,2.98,3394,3087,307,9.05
"52","CDC - Malaria - Travelers - Malaria Information and Prophylaxis, by Country","https://www.cdc.gov/malaria/travelers/country_table/j.html","https://wwwdev.cdc.gov/malaria/travelers/country_table/l.html",3854,3672,182,4.72,2154,1267,887,41.18
"53","Meningitis | Home | CDC","https://www.cdc.gov/meningitis","https://www.cdc.gov/meningitis",3780,3666,114,3.02,3186,2965,221,6.94
"54","Norovirus | Transmission | CDC","","https://www.cdc.gov/norovirus/about/transmission.html",3770,3658,112,2.97,3194,2888,306,9.58
"55","FastStats - Leading Causes of Death","https://www.cdc.gov/nchs/fastats/leading-causes-of-death.htm","https://www.cdc.gov/nchs/fastats/leading-causes-of-death.htm",3700,3585,115,3.11,3145,2912,233,7.41
"56","Types of Influenza Viruses | Seasonal Influenza (Flu) | CDC","https://www.cdc.gov/flu/about/viruses/types.htm","https://www.cdc.gov/flu/about/viruses/types.htm",3673,3571,102,2.78,3367,3166,201,5.97
"57","Key Facts About Seasonal Flu Vaccine | Seasonal Influenza (Flu) | CDC","https://www.cdc.gov/flu/protect/keyfacts.htm","https://www.cdc.gov/flu/protect/keyfacts.htm",3632,3535,97,2.67,3251,3007,244,7.51
"58","Mumps | Home | CDC","https://www.cdc.gov/mumps","https://www.cdc.gov/mumps",3621,3518,103,2.84,3005,2734,271,9.02
"59","HPV | What is HPV | Human Papillomavirus | CDC","","https://www.cdc.gov/hpv/parents/whatishpv.html",3536,3462,74,2.09,3093,2894,199,6.43
"60","Key Facts About Influenza (Flu) | Seasonal Influenza (Flu) | CDC","https://www.cdc.gov/flu/keyfacts.htm","https://www.cdc.gov/flu/keyfacts.htm",3568,3442,126,3.53,3110,2887,223,7.17
"61","El VPH y los hombres - Enfermedades de transmisión sexual","https://www.cdc.gov/std/spanish/vph/stdfact-hpv-and-men-s.htm","https://www.cdc.gov/std/spanish/vph/stdfact-hpv-and-men-s.htm",3467,3385,82,2.37,3072,2979,93,3.03
"62","About Zika Virus Disease | Zika virus | CDC","","https://www.cdc.gov/zika/about",3455,3367,88,2.55,2622,2391,231,8.81
"63","STD Facts - Genital Herpes (Detailed version)","https://www.cdc.gov/std/herpes/stdfact-herpes-detailed.htm","https://www.cdc.gov/std/herpes/stdfact-herpes-detailed.htm",3388,3351,37,1.09,3136,2954,182,5.8
"64","Infección genital por VPH - Enfermedades de transmisión sexual","https://www.cdc.gov/std/spanish/vph/stdfact-hpv-s.htm","https://www.cdc.gov/std/spanish/vph/stdfact-hpv-s.htm",3364,3302,62,1.84,2853,2780,73,2.56
"65","CDC - NCHS - National Center for Health Statistics","https://www.cdc.gov/nchs/index.htm","https://wwwdev.cdc.gov/nchs",3177,3227,-50,-1.57,2323,2002,321,13.82
"66","STD Facts - Bacterial Vaginosis","https://www.cdc.gov/std/bv/stdfact-bacterial-vaginosis.htm","https://www.cdc.gov/std/bv/stdfact-bacterial-vaginosis.htm",3257,3213,44,1.35,3003,2818,185,6.16
"67","Flu Activity & Surveillance | Seasonal Influenza (Flu) | CDC","https://www.cdc.gov/flu/weekly/fluactivitysurv.htm","https://www.cdc.gov/flu/weekly/fluactivitysurv.htm",3306,3206,100,3.02,2603,2293,310,11.91
"68","Signs and Symptoms | Leptospirosis | CDC","https://www.cdc.gov/leptospirosis/symptoms","https://www.cdc.gov/leptospirosis/symptoms",3292,3196,96,2.92,2954,2755,199,6.74
"69","Lyme Disease | Lyme Disease | CDC","https://www.cdc.gov/lyme","https://www.cdc.gov/lyme",3205,3146,59,1.84,2568,2376,192,7.48
"70","Enfermedad de tuberculosis (TB): Síntomas y factores de riesgo - Especiales CDC - CDC en Español","https://www.cdc.gov/spanish/especialescdc/sintomastuberculosis","https://www.cdc.gov/spanish/especialescdc/sintomastuberculosis",3155,3112,43,1.36,2691,2634,57,2.12
"71","Treatment - Antiviral Drugs | Seasonal Influenza (Flu) | CDC","https://www.cdc.gov/flu/antivirals/index.htm","https://www.cdc.gov/flu/antivirals",3189,3107,82,2.57,2645,2408,237,8.96
"72","Symptoms | Listeria | CDC","https://www.cdc.gov/listeria/symptoms.html","https://www.cdc.gov/listeria/symptoms.html",3114,3056,58,1.86,2630,2440,190,7.22
"73","Vaccine Information Statement | Tdap | Tetanus-Diphtheria-Pertussis | VIS | CDC","https://www.cdc.gov/vaccines/hcp/vis/vis-statements/tdap.html","https://www.cdc.gov/vaccines/hcp/vis/vis-statements/tdap.html",3123,3004,119,3.81,2892,2649,243,8.4
"74","Sexually Transmitted Diseases - Information from CDC","","https://www.cdc.gov/std",3101,3002,99,3.19,2428,2178,250,10.3
"75","How Flu Spreads | Seasonal Influenza (Flu) | CDC","https://www.cdc.gov/flu/about/disease/spread.htm","https://www.cdc.gov/flu/about/disease/spread.htm",3084,2970,114,3.7,2797,2564,233,8.33
"76","RSV | Home | Respiratory Syncytial Virus | CDC","https://www.cdc.gov/rsv","https://www.cdc.gov/rsv",3016,2936,80,2.65,2639,2397,242,9.17
"77","Cold Versus Flu | Seasonal Influenza (Flu) | CDC","https://www.cdc.gov/flu/about/qa/coldflu.htm","https://www.cdc.gov/flu/about/qa/coldflu.htm",2977,2914,63,2.12,2732,2574,158,5.78
"78","You Call the Shots | Vaccines Web-based Training Course | CDC","https://www.cdc.gov/vaccines/ed/youcalltheshots.html","https://www.cdc.gov/vaccines/ed/youcalltheshots.html",3089,2912,177,5.73,1997,1038,959,48.02
"79","Mumps | About Mumps | CDC","https://www.cdc.gov/mumps/about","https://www.cdc.gov/mumps/about",2928,2843,85,2.9,1983,1761,222,11.2
"80","Symptoms, Testing, & Treatment | Zika virus | CDC","https://www.cdc.gov/zika/symptoms","https://www.cdc.gov/zika/symptoms",2888,2807,81,2.8,2412,2173,239,9.91
"81","Adult Immunization Schedule by Vaccine and Age Group | CDC","https://www.cdc.gov/vaccines/schedules/hcp/imz/adult.html","https://www.cdc.gov/vaccines/schedules/hcp/imz/adult.html",2889,2772,117,4.05,2601,2370,231,8.88
"82","For Pregnant Women | Zika virus | CDC","","https://www.cdc.gov/zika/pregnancy",2846,2767,79,2.78,2423,2228,195,8.05
"83","Hand Foot and Mouth Disease | Home | HFMD | CDC","https://www.cdc.gov/hand-foot-mouth","https://www.cdc.gov/hand-foot-mouth",2790,2726,64,2.29,2401,2187,214,8.91
"84","Pelvic Inflammatory Disease - CDC Fact Sheet","https://www.cdc.gov/std/pid/stdfact-pid.htm","https://www.cdc.gov/std/pid/stdfact-pid.htm",2706,2660,46,1.7,2495,2336,159,6.37
"85","Norovirus | Treatment | CDC","https://www.cdc.gov/norovirus/about/treatment.html","https://www.cdc.gov/norovirus/about/treatment.html",2718,2640,78,2.87,2461,2235,226,9.18
"86","Women & Their Partners Who are Thinking about Pregnancy | Zika virus | CDC","https://www.cdc.gov/zika/pregnancy/women-and-their-partners.html","https://www.cdc.gov/zika/pregnancy/women-and-their-partners.html",2643,2562,81,3.06,2333,2125,208,8.92
"87","Tricomoniasis - Enfermedades de transmisión sexual","https://www.cdc.gov/std/spanish/tricomoniasis/stdfact-trichomoniasis-s.htm","https://www.cdc.gov/std/spanish/tricomoniasis/stdfact-trichomoniasis-s.htm",2593,2561,32,1.23,2228,2160,68,3.05
"88","Worried your sore throat may be strep? | Features | CDC","https://www.cdc.gov/features/strepthroat","https://www.cdc.gov/features/strepthroat",2580,2532,48,1.86,2407,2279,128,5.32
"89","Obesity Facts | Healthy Schools | CDC","https://www.cdc.gov/healthyschools/obesity/facts.htm","https://www.cdc.gov/healthyschools/obesity/facts.htm",2640,2512,128,4.85,2142,1922,220,10.27
"90","Influenza Vaccination: A Summary for Clinicians | Health Professionals | Seasonal Influenza (Flu)","https://www.cdc.gov/flu/professionals/vaccination/vax-summary.htm","https://www.cdc.gov/flu/professionals/vaccination/vax-summary.htm",2464,2504,-40,-1.62,2241,2157,84,3.75
"91","Infection | Leptospirosis | CDC","https://www.cdc.gov/leptospirosis/infection","https://www.cdc.gov/leptospirosis/infection",2587,2498,89,3.44,2317,2149,168,7.25
"92","Immunization Schedules for Healthcare Professionals | CDC","https://www.cdc.gov/vaccines/schedules/hcp","https://www.cdc.gov/vaccines/schedules/hcp",2544,2473,71,2.79,2123,1807,316,14.88
"93","Epstein-barr | Mononucleosis | About Virus | Mono | CDC","https://www.cdc.gov/epstein-barr/about-ebv.html","https://www.cdc.gov/epstein-barr/about-ebv.html",2507,2465,42,1.68,2263,2151,112,4.95
"94","Meningitis | Viral | CDC","https://www.cdc.gov/meningitis/viral.html","https://www.cdc.gov/meningitis/viral.html",2539,2460,79,3.11,2196,2020,176,8.01
"95","Norovirus | Preventing Norovirus Infection | CDC","https://www.cdc.gov/norovirus/preventing-infection.html","https://www.cdc.gov/norovirus/preventing-infection.html",2505,2447,58,2.32,2215,2002,213,9.62
"96","CDC | TB | Fact Sheets - Tuberculin Skin Testing for TB","https://www.cdc.gov/tb/publications/factsheets/testing/skintesting.htm","https://www.cdc.gov/tb/publications/factsheets/testing/skintesting.htm",2522,2438,84,3.33,2296,2098,198,8.62
"97","Data & Statistics | CDC","https://www.cdc.gov/DataStatistics","https://www.cdc.gov/DataStatistics",2514,2438,76,3.02,1826,1665,161,8.82
"98","Symptoms | Zika virus | CDC","https://www.cdc.gov/zika/symptoms/symptoms.html","https://www.cdc.gov/zika/symptoms/symptoms.html",2517,2432,85,3.38,2283,2067,216,9.46
"99","STD Facts - HPV and Men","https://www.cdc.gov/std/hpv/stdfact-hpv-and-men.htm","https://www.cdc.gov/std/hpv/stdfact-hpv-and-men.htm",2460,2402,58,2.36,2239,2093,146,6.52
"100","Salmonella Homepage | CDC","https://www.cdc.gov/salmonella","https://www.cdc.gov/salmonella",2460,2382,78,3.17,1772,1605,167,9.42
"101","HPV | Who Should Get Vaccine | Human Papillomavirus | CDC","https://www.cdc.gov/hpv/parents/vaccine.html","https://www.cdc.gov/hpv/parents/vaccine.html",2455,2380,75,3.05,2162,1999,163,7.54
"102","Mumps | Signs and Symptoms | CDC","https://www.cdc.gov/mumps/about/signs-symptoms.html","https://www.cdc.gov/mumps/about/signs-symptoms.html",2440,2376,64,2.62,2169,1987,182,8.39
"103","HPV | Home | Human Papillomavirus | CDC","","https://www.cdc.gov/hpv",2396,2344,52,2.17,1950,1785,165,8.46
"104","Adult Obesity Facts | Overweight & Obesity | CDC","https://www.cdc.gov/obesity/data/adult.html","https://www.cdc.gov/obesity/data/adult.html",2420,2328,92,3.8,1805,1590,215,11.91
"105","Clamidia - Enfermedades de transmisión sexual","https://www.cdc.gov/std/spanish/clamidia/stdfact-chlamydia-s.htm","https://www.cdc.gov/std/spanish/clamidia/stdfact-chlamydia-s.htm",2364,2324,40,1.69,2110,2056,54,2.56
"106","Escarlatina: una infección estreptocócica del grupo A","https://www.cdc.gov/spanish/especialescdc/escarlatina","https://www.cdc.gov/spanish/especialescdc/escarlatina",2352,2316,36,1.53,2125,2061,64,3.01
"107","CDC - The National Institute for Occupational Safety and Health (NIOSH)","https://www.cdc.gov/niosh/index.htm","https://www.cdc.gov/niosh",2211,2299,-88,-3.98,1747,1636,111,6.35
"108","Growth Charts - Homepage","https://www.cdc.gov/GrowthCharts","https://www.cdc.gov/growthcharts",2357,2297,60,2.55,1929,1779,150,7.78
"109","Hand Foot and Mouth Disease | About HFMD | CDC","","https://www.cdc.gov/hand-foot-mouth/about",2323,2277,46,1.98,1536,1340,196,12.76
"110","Growth Charts - WHO Child Growth Standards","https://www.cdc.gov/growthcharts/who_charts.htm","https://www.cdc.gov/growthcharts/who_charts.htm",2340,2263,77,3.29,1960,1791,169,8.62
"111","Case Counts in the US | Zika Virus | CDC",NA,"https://wwwdev.cdc.gov/zika/geo/united-states.html",NA,2262,NA,NA,NA,1833,NA,NA
"112","About Adult BMI | Healthy Weight | CDC","https://www.cdc.gov/healthyweight/assessing/bmi/adult_bmi","https://www.cdc.gov/healthyweight/assessing/bmi/adult_bmi",2353,2259,94,3.99,2098,1941,157,7.48
"113","CDC - Malaria","","https://www.cdc.gov/malaria",2341,2259,82,3.5,1883,1695,188,9.98
"114","Growth Charts - Clinical Growth Charts","https://www.cdc.gov/growthcharts/clinical_charts.htm","https://www.cdc.gov/growthcharts/clinical_charts.htm",2307,2255,52,2.25,1903,1755,148,7.78
"115","CDC Current Outbreak List | CDC","https://www.cdc.gov/outbreaks","https://www.cdc.gov/outbreaks",2277,2223,54,2.37,1740,1556,184,10.57
"116","Tuberculosis (TB) | CDC","","https://www.cdc.gov/tb",2299,2215,84,3.65,1744,1521,223,12.79
"117","What You Should Know About Flu Antiviral Drugs | Seasonal Influenza (Flu) | CDC","https://www.cdc.gov/flu/antivirals/whatyoushould.htm","https://www.cdc.gov/flu/antivirals/whatyoushould.htm",2246,2172,74,3.29,2085,1934,151,7.24
"118","CDC | TB | Basic TB Facts","","https://www.cdc.gov/tb/topic/basics",2258,2171,87,3.85,1494,1284,210,14.06
"119","South Florida Maps | Zika Virus | CDC","https://www.cdc.gov/zika/intheus/florida-maps.html","https://www.cdc.gov/zika/intheus/florida-maps.html",2212,2151,61,2.76,1922,1717,205,10.67
"120","Vaccine Information Statement | Hepatitis B | VIS | CDC","https://www.cdc.gov/vaccines/hcp/vis/vis-statements/hep-b.html","",2240,2142,98,4.38,2059,1887,172,8.35
"121","E.coli (Escherichia coli) | E.coli | CDC","https://www.cdc.gov/ecoli","https://www.cdc.gov/ecoli",2212,2121,91,4.11,1679,1557,122,7.27
"122","Vaccine Effectiveness - How Well Does the Flu Vaccine Work? | Seasonal Influenza (Flu) | CDC","https://www.cdc.gov/flu/about/qa/vaccineeffect.htm","https://www.cdc.gov/flu/about/qa/vaccineeffect.htm",2144,2103,41,1.91,1959,1813,146,7.45
"123","Clinical Signs and Symptoms of Influenza | Health Professionals | Seasonal Influenza (Flu)","https://www.cdc.gov/flu/professionals/acip/clinical.htm","https://www.cdc.gov/flu/professionals/acip/clinical.htm",2132,2089,43,2.02,2014,1873,141,7
"124","Vaginosis bacteriana (VB) - Enfermedades de transmisión sexual (ETS)","https://www.cdc.gov/std/spanish/vb/stdfact-bacterial-vaginosis-s.htm","https://www.cdc.gov/std/spanish/vb/stdfact-bacterial-vaginosis-s.htm",2115,2085,30,1.42,1884,1844,40,2.12
"125","CDC - ¿Cuáles son los síntomas del cáncer de mama?","https://www.cdc.gov/spanish/cancer/breast/basic_info/symptoms.htm","https://www.cdc.gov/spanish/cancer/breast/basic_info/symptoms.htm",2072,2052,20,0.97,1745,1708,37,2.12
"126","Morbidity and Mortality Weekly Report (MMWR) | MMWR","https://www.cdc.gov/mmwr","https://www.cdc.gov/mmwr",1904,2000,-96,-5.04,1505,1401,104,6.91
"127","Signs and Symptoms | Lyme Disease | CDC","https://www.cdc.gov/lyme/signs_symptoms","https://www.cdc.gov/lyme/signs_symptoms",2022,1971,51,2.52,1772,1633,139,7.84
"128","Diagnosing Flu | Seasonal Influenza (Flu) | CDC","https://www.cdc.gov/flu/about/qa/testing.htm","https://www.cdc.gov/flu/about/qa/testing.htm",1994,1949,45,2.26,1827,1702,125,6.84
"129","CDC | TB | Testing & Diagnosis","https://www.cdc.gov/tb/topic/testing/default.htm","https://www.cdc.gov/tb/topic/testing",1986,1941,45,2.27,1532,1366,166,10.84
"130","Vaccines: Vac-Gen/Side Effects","https://www.cdc.gov/vaccines/vac-gen/side-effects.htm","https://www.cdc.gov/vaccines/vac-gen/side-effects.htm",1952,1902,50,2.56,1748,1621,127,7.27
"131","Rotavirus | Home | Gastroenteritis | CDC","https://www.cdc.gov/rotavirus","https://www.cdc.gov/rotavirus",1942,1900,42,2.16,1662,1506,156,9.39
"132","Adenovirus | Symptoms | CDC","https://www.cdc.gov/adenovirus/about/symptoms.html","https://www.cdc.gov/adenovirus/about/symptoms.html",1897,1869,28,1.48,1550,1334,216,13.94
"133","Physical Activity and Health | Physical Activity | CDC","https://www.cdc.gov/physicalactivity/basics/pa-health","https://www.cdc.gov/physicalactivity/basics/pa-health",1925,1865,60,3.12,1555,1428,127,8.17
"134","Cytomegalovirus (CMV) and Congenital CMV Infection | Home | CDC","https://www.cdc.gov/cmv","https://www.cdc.gov/cmv",1903,1864,39,2.05,1558,1470,88,5.65
"135","CDC | Milestones 2 Years | Learn the Signs. Act Early. | NCBDDD","https://www.cdc.gov/ncbddd/actearly/milestones/milestones-2yr.html","https://www.cdc.gov/ncbddd/actearly/milestones/milestones-2yr.html",1905,1849,56,2.94,1689,1560,129,7.64
"136","Situation Update: Summary of Weekly FluView Report | Seasonal Influenza (Flu) | CDC","","https://www.cdc.gov/flu/weekly/summary.htm",1906,1843,63,3.31,1759,1637,122,6.94
"137","Diseases & Conditions A-Z Index - A","https://www.cdc.gov/DiseasesConditions/az/a.html","",1904,1814,90,4.73,1366,1246,120,8.78
"138","Tuberculosis (TB) Disease: Symptoms & Risk Factors | Features | CDC","https://www.cdc.gov/features/tbsymptoms","https://www.cdc.gov/features/tbsymptoms",1886,1811,75,3.98,1667,1544,123,7.38
"139","Pertussis | Whooping Cough | Home | CDC","https://www.cdc.gov/pertussis","https://www.cdc.gov/pertussis",1870,1800,70,3.74,1610,1453,157,9.75
"140","FastStats - Deaths and Mortality","","https://www.cdc.gov/nchs/fastats/deaths.htm",1893,1799,94,4.97,1541,1394,147,9.54
"141","Pneumococcal Vaccination | CDC","https://www.cdc.gov/vaccines/vpd/pneumo","https://www.cdc.gov/vaccines/vpd/pneumo",1842,1789,53,2.88,1569,1405,164,10.45
"142","Shingles | Transmission - How Spreads | Herpes Zoster | CDC","https://www.cdc.gov/shingles/about/transmission.html","https://www.cdc.gov/shingles/about/transmission.html",1839,1787,52,2.83,1564,1438,126,8.06
"143","Vaccine Information Statement | Inactivated Influenza | VIS | CDC","https://www.cdc.gov/vaccines/hcp/vis/vis-statements/flu.html","https://www.cdc.gov/vaccines/hcp/vis/vis-statements/flu.html",1868,1765,103,5.51,1628,1552,76,4.67
"144","Adult Immunization Schedules for Adults in Easy-to-read Formats | CDC","","https://www.cdc.gov/vaccines/schedules/easy-to-read/adult.html",1830,1761,69,3.77,1649,1479,170,10.31
"145","How much physical activity do adults need? | Physical Activity | CDC","https://www.cdc.gov/physicalactivity/basics/adults","https://www.cdc.gov/physicalactivity/basics/adults",1811,1761,50,2.76,1484,1385,99,6.67
"146","About Teen Pregnancy | Teen Pregnancy | Reproductive Health | CDC","https://www.cdc.gov/teenpregnancy/about","https://www.cdc.gov/teenpregnancy/about",1854,1756,98,5.29,1521,1397,124,8.15
"147","HIV Transmission | HIV Basics | HIV/AIDS | CDC","https://www.cdc.gov/hiv/basics/transmission.html","https://www.cdc.gov/hiv/basics/transmission.html",1821,1748,73,4.01,1542,1391,151,9.79
"148","Chlamydia - STD information from CDC","","https://www.cdc.gov/std/chlamydia",1803,1746,57,3.16,1399,1255,144,10.29
"149","CDC - Carbon Monoxide Poisoning - Frequently Asked Questions","https://www.cdc.gov/co/faqs.htm","https://www.cdc.gov/co/faqs.htm",1766,1722,44,2.49,1610,1509,101,6.27
"150","Vaccines Do Not Cause Autism Concerns | Vaccine Safety | CDC","https://www.cdc.gov/vaccinesafety/concerns/autism.html","https://www.cdc.gov/vaccinesafety/concerns/autism.html",1735,1697,38,2.19,1491,1377,114,7.65
"151","HEADS UP to Youth Sports: Online Training | HEADS UP | CDC Injury Center","https://www.cdc.gov/headsup/youthsports/training","https://www.cdc.gov/headsup/youthsports/training",1735,1694,41,2.36,1361,1241,120,8.82
"152","Vaccine Information Statement | MMR | Measles-Mumps-Rubella | VIS | CDC","https://www.cdc.gov/vaccines/hcp/vis/vis-statements/mmr.html","",1804,1688,116,6.43,1653,1506,147,8.89
"153","CDC | Data and Statistics | Autism Spectrum Disorder (ASD) | NCBDDD","","https://www.cdc.gov/ncbddd/autism/data.html",1745,1686,59,3.38,1396,1297,99,7.09
"154","Rotavirus | Symptoms | CDC","https://www.cdc.gov/rotavirus/about/symptoms.html","https://www.cdc.gov/rotavirus/about/symptoms.html",1726,1683,43,2.49,1524,1416,108,7.09
"155","I'm Ready to Quit! | Quit Smoking | Tips From Former Smokers | CDC","https://www.cdc.gov/tobacco/campaign/tips/quit-smoking","https://www.cdc.gov/tobacco/campaign/tips/quit-smoking",1718,1683,35,2.04,1320,1229,91,6.89
"156","FluView Interactive | Seasonal Influenza (Flu) | CDC","https://www.cdc.gov/flu/weekly/fluviewinteractive.htm","https://www.cdc.gov/flu/weekly/fluviewinteractive.htm",1723,1682,41,2.38,1411,1246,165,11.69
"157","Catch-up Immunization Schedule | CDC","https://www.cdc.gov/vaccines/schedules/hcp/imz/catchup.html","https://www.cdc.gov/vaccines/schedules/hcp/imz/catchup.html",1757,1675,82,4.67,1508,1303,205,13.59
"158","Adult BMI Calculator: Metric | Healthy Weight | CDC","https://www.cdc.gov/healthyweight/assessing/bmi/adult_bmi/metric_bmi_calculator/bmi_calculator.html","https://www.cdc.gov/healthyweight/assessing/bmi/adult_bmi/metric_bmi_calculator/bmi_calculator.html",1736,1666,70,4.03,1156,794,362,31.31
"159","Parents | Home | Vaccines for Your Children | CDC","","https://www.cdc.gov/vaccines/parents",1694,1661,33,1.95,1352,1209,143,10.58
"160","Heart Disease Facts & Statistics | cdc.gov","https://www.cdc.gov/heartdisease/facts.htm","https://www.cdc.gov/heartdisease/facts.htm",1699,1640,59,3.47,1400,1292,108,7.71
"161","Detailed STD Facts - Chlamydia","https://www.cdc.gov/std/chlamydia/stdfact-chlamydia-detailed.htm","https://www.cdc.gov/std/chlamydia/stdfact-chlamydia-detailed.htm",1678,1637,41,2.44,1572,1462,110,7
"162","File Formats used on CDC.gov | Other | CDC","https://www.cdc.gov/Other/plugins","https://www.cdc.gov/Other/plugins",1666,1615,51,3.06,1501,1398,103,6.86
"163","Methicillin-resistant Staphylococcus aureus (MRSA) Infections | MRSA | CDC","https://www.cdc.gov/mrsa","https://www.cdc.gov/mrsa",1661,1612,49,2.95,1289,1164,125,9.7
"164","HPV | Questions and Answers | Human Papillomavirus | CDC","https://www.cdc.gov/hpv/parents/questions-answers.html","https://www.cdc.gov/hpv/parents/questions-answers.html",1648,1599,49,2.97,1526,1434,92,6.03
"165","Pink Eye: Usually Mild and Easy to Treat | Features | CDC","https://www.cdc.gov/features/conjunctivitis","https://www.cdc.gov/Features/Conjunctivitis",1637,1591,46,2.81,1529,1441,88,5.76
"166","Shingles Vaccination | What You Should Know | CDC","https://www.cdc.gov/vaccines/vpd/shingles/public","https://www.cdc.gov/vaccines/vpd/shingles/public",1640,1588,52,3.17,1528,1427,101,6.61
"167","About Child & Teen BMI | Healthy Weight | CDC","https://www.cdc.gov/healthyweight/assessing/bmi/childrens_bmi/about_childrens_bmi.html","https://www.cdc.gov/healthyweight/assessing/bmi/childrens_bmi/about_childrens_bmi.html",1620,1588,32,1.98,1369,1291,78,5.7
"168","People at Risk - Pregnant Women and Newborns | Listeria | CDC","https://www.cdc.gov/listeria/risk-groups/pregnant-women.html","https://www.cdc.gov/listeria/risk-groups/pregnant-women.html",1562,1583,-21,-1.34,1382,1260,122,8.83
"169","Prevent the Spread of Norovirus | Features | CDC","https://www.cdc.gov/features/norovirus","https://www.cdc.gov/features/norovirus",1610,1571,39,2.42,1481,1373,108,7.29
"170","Overweight & Obesity | CDC","https://www.cdc.gov/obesity","https://www.cdc.gov/obesity",1614,1567,47,2.91,1259,1120,139,11.04
"171","RSV | About the Virus | Respiratory Syncytial Virus | CDC","","https://www.cdc.gov/rsv/about",1610,1566,44,2.73,1141,1000,141,12.36
"172","Growth Charts - 2000 CDC Growth Charts - United States","","https://www.cdc.gov/growthcharts/cdc_charts.htm",1599,1562,37,2.31,1282,1166,116,9.05
"173","Molluscum Contagiosum | Pox virus | CDC","https://www.cdc.gov/poxvirus/molluscum-contagiosum","https://www.cdc.gov/poxvirus/molluscum-contagiosum",1596,1561,35,2.19,1133,989,144,12.71
"174","CDC Guideline for Prescribing Opioids for Chronic Pain — United States, 2016 | MMWR","","https://www.cdc.gov/mmwr/volumes/65/rr/rr6501e1.htm",1621,1543,78,4.81,1326,1146,180,13.57
"175","HIV/AIDS | CDC","https://www.cdc.gov/hiv","https://www.cdc.gov/hiv",1553,1541,12,0.77,1197,1081,116,9.69
"176","CDC | Milestones 3 Years | Learn the Signs. Act Early. | NCBDDD","https://www.cdc.gov/ncbddd/actearly/milestones/milestones-3yr.html","https://www.cdc.gov/ncbddd/actearly/milestones/milestones-3yr.html",1557,1513,44,2.83,1370,1270,100,7.3
"177","Enfermedad de manos, pies y boca - Especiales CDC - CDC en Español","https://www.cdc.gov/spanish/especialescdc/enfermedadmanospiesboca","https://www.cdc.gov/spanish/especialescdc/enfermedadmanospiesboca",1528,1506,22,1.44,1372,1326,46,3.35
"178","Measles, Mumps, and Rubella (MMR) Vaccine Safety Vaccines | Vaccine Safety | CDC","https://www.cdc.gov/vaccinesafety/vaccines/mmr-vaccine.html","https://www.cdc.gov/vaccinesafety/vaccines/mmr-vaccine.html",1572,1498,74,4.71,1365,1281,84,6.15
"179","ICD - ICD-10-CM - International Classification of Diseases, Tenth Revision, Clinical Modification","https://www.cdc.gov/nchs/icd/icd10cm.htm","https://www.cdc.gov/nchs/icd/icd10cm.htm",1556,1483,73,4.69,1071,917,154,14.38
"180","Advisory Committee on Immunization Practices Recommended Immunization Schedule for Children and Adol","https://www.cdc.gov/mmwr/volumes/66/wr/mm6605e1.htm","https://www.cdc.gov/mmwr/volumes/66/wr/mm6605e1.htm",1534,1478,56,3.65,1326,1148,178,13.42
"181","CMV | Overview | Cytomegalovirus and Congenital CMV Infection | CDC","https://www.cdc.gov/cmv/overview.html","https://www.cdc.gov/cmv/overview.html",1478,1468,10,0.68,1344,1250,94,6.99
"182","FAQs: Seoul virus | Hantavirus | DHCPP | CDC","https://www.cdc.gov/hantavirus/outbreaks/seoul-virus/faqs-seoul-virus.html","https://www.cdc.gov/hantavirus/outbreaks/seoul-virus/faqs-seoul-virus.html",1465,1464,1,0.07,1350,1210,140,10.37
"183","Drug Overdose Death Data | Drug Overdose | CDC Injury Center","https://www.cdc.gov/drugoverdose/data/statedeaths.html","https://www.cdc.gov/drugoverdose/data/statedeaths.html",1508,1453,55,3.65,1151,1039,112,9.73
"184","Tetanus | About Tetanus Disease | Lockjaw | CDC","https://www.cdc.gov/tetanus/about","https://www.cdc.gov/tetanus/about",1513,1453,60,3.97,1001,900,101,10.09
"185","La conjuntivitis generalmente es leve y fácil de tratar - Especiales CDC - CDC en Español","https://www.cdc.gov/spanish/especialescdc/conjuntivitis","https://www.cdc.gov/spanish/especialescdc/conjuntivitis",1474,1445,29,1.97,1323,1284,39,2.95
"186","CDC - DPDx - Parasites A-Z Index","https://www.cdc.gov/dpdx/az.html","",1593,1445,148,9.29,713,409,304,42.64
"187","Hepatitis B Information | Division of Viral Hepatitis | CDC","https://www.cdc.gov/hepatitis/hbv","https://www.cdc.gov/hepatitis/hbv",1492,1443,49,3.28,1234,1130,104,8.43
"188","STD Facts - Syphilis (Detailed)","https://www.cdc.gov/std/syphilis/stdfact-syphilis-detailed.htm","https://www.cdc.gov/std/syphilis/stdfact-syphilis-detailed.htm",1480,1440,40,2.7,1338,1250,88,6.58
"189","Rapid Diagnostic Testing for Influenza: Information for Clinical Laboratory Directors | Health Profe","https://www.cdc.gov/flu/professionals/diagnosis/rapidlab.htm","https://www.cdc.gov/flu/professionals/diagnosis/rapidlab.htm",1458,1438,20,1.37,1381,1308,73,5.29
"190","ACIP Vaccine Recommendations | CDC","https://www.cdc.gov/vaccines/hcp/acip-recs","https://www.cdc.gov/vaccines/hcp/acip-recs",1477,1428,49,3.32,1154,928,226,19.58
"191","Information on Avian Influenza | Avian Influenza (Flu)","https://www.cdc.gov/flu/avianflu/index.htm","https://www.cdc.gov/flu/avianflu",1435,1410,25,1.74,1151,1065,86,7.47
"192","Heavy Menstrual Bleeding | Blood Disorders in Women | NCBDDD | CDC","https://www.cdc.gov/ncbddd/blooddisorders/women/menorrhagia.html","https://www.cdc.gov/ncbddd/blooddisorders/women/menorrhagia.html",1444,1407,37,2.56,1335,1264,71,5.32
"193","CDC | Milestones 6 months | Learn the Signs. Act Early. | NCBDDD","https://www.cdc.gov/ncbddd/actearly/milestones/milestones-6mo.html","https://www.cdc.gov/ncbddd/actearly/milestones/milestones-6mo.html",1432,1407,25,1.75,1245,1166,79,6.35
"194","Prevention | Zika virus | CDC","https://www.cdc.gov/zika/prevention","https://www.cdc.gov/zika/prevention",1444,1407,37,2.56,1202,1106,96,7.99
"195","Pertussis | Whooping Cough | Signs and Symptoms | CDC","https://www.cdc.gov/pertussis/about/signs-symptoms.html","https://www.cdc.gov/pertussis/about/signs-symptoms.html",1429,1401,28,1.96,1297,1215,82,6.32
"196","Vaccine Information Statement | Pneumococcal Conjugate | VIS | CDC","https://www.cdc.gov/vaccines/hcp/vis/vis-statements/pcv13.html","https://www.cdc.gov/vaccines/hcp/vis/vis-statements/pcv13.html",1474,1395,79,5.36,1337,1235,102,7.63
"197","Heart Age* Predictor Using BMI | Risk | Framingham Heart Study","https://www.cdc.gov/vitalsigns/cardiovasculardisease/heartage.html","https://www.cdc.gov/vitalsigns/cardiovasculardisease/heartage.html",1432,1395,37,2.58,1019,924,95,9.32
"198","Hepatitis B FAQs for the Public | Division of Viral Hepatitis | CDC","https://www.cdc.gov/hepatitis/hbv/bfaq.htm","https://www.cdc.gov/hepatitis/hbv/bfaq.htm",1418,1386,32,2.26,1258,1168,90,7.15
"199","CDC | Milestones 2 months | Learn the Signs. Act Early. | NCBDDD","","https://www.cdc.gov/ncbddd/actearly/milestones/milestones-2mo.html",1413,1381,32,2.26,1193,1112,81,6.79
"200","CDC Guideline for Prescribing Opioids for Chronic Pain | Drug Overdose | CDC Injury Center","https://www.cdc.gov/drugoverdose/prescribing/guideline.html","https://www.cdc.gov/drugoverdose/prescribing/guideline.html",1406,1376,30,2.13,985,867,118,11.98
"201","YRBSS | Youth Risk Behavior Surveillance System | Data | Adolescent and School Health | CDC","https://www.cdc.gov/healthyyouth/data/yrbs/index.htm","https://www.cdc.gov/healthyyouth/data/yrbs",1380,1371,9,0.65,945,876,69,7.3
"202","CDC A-Z Index - A","https://www.cdc.gov/az/a.html","https://www.cdc.gov/az/a.html",1422,1368,54,3.8,1089,983,106,9.73
"203","About Ebola Hemorrhagic Fever| Ebola Hemorrhagic Fever | CDC","https://www.cdc.gov/vhf/ebola/about.html","https://www.cdc.gov/vhf/ebola/about.html",1420,1366,54,3.8,1104,970,134,12.14
"204","PrEP | HIV Basics | HIV/AIDS | CDC","https://www.cdc.gov/hiv/basics/prep.html","https://www.cdc.gov/hiv/basics/prep.html",1389,1362,27,1.94,1263,1179,84,6.65
"205","Misconceptions about Seasonal Flu and Flu Vaccines | Seasonal Influenza (Flu) | CDC","https://www.cdc.gov/flu/about/qa/misconceptions.htm","https://www.cdc.gov/flu/about/qa/misconceptions.htm",1372,1352,20,1.46,1285,1194,91,7.08
"206","Handwashing - Clean Hands Save Lives | CDC","https://www.cdc.gov/handwashing","https://www.cdc.gov/handwashing",1370,1345,25,1.82,1036,942,94,9.07
"207","Treatment | Leptospirosis | CDC","https://www.cdc.gov/leptospirosis/treatment","https://www.cdc.gov/leptospirosis/treatment",1387,1342,45,3.24,1242,1164,78,6.28
"208","When & How to Wash Your Hands | Handwashing | CDC","https://www.cdc.gov/handwashing/when-how-handwashing.html","https://www.cdc.gov/handwashing/when-how-handwashing.html",1385,1337,48,3.47,1151,1078,73,6.34
"209","Transmission | Zika virus | CDC","https://www.cdc.gov/zika/transmission","https://www.cdc.gov/zika/transmission",1372,1331,41,2.99,1178,1069,109,9.25
"210","Genital Herpes - STD information from CDC","https://www.cdc.gov/std/Herpes/default.htm","https://www.cdc.gov/std/Herpes",1327,1310,17,1.28,1029,920,109,10.59
"211","Parvovirus B19 | About Fifth Disease | CDC","https://www.cdc.gov/parvovirusb19/fifth-disease.html","https://www.cdc.gov/parvovirusb19/fifth-disease.html",1349,1303,46,3.41,1198,1110,88,7.35
"212","Teen Drivers: Get the Facts | Motor Vehicle Safety | CDC Injury Center","https://www.cdc.gov/motorvehiclesafety/teen_drivers/teendrivers_factsheet.html","https://www.cdc.gov/motorvehiclesafety/teen_drivers/teendrivers_factsheet.html",1328,1299,29,2.18,1085,995,90,8.29
"213","Treatment | Seasonal Influenza (Flu) | CDC","https://www.cdc.gov/flu/consumer/treatment.htm","https://www.cdc.gov/flu/consumer/treatment.htm",1314,1297,17,1.29,1138,1072,66,5.8
"214","Influenza Type A Viruses | Avian Influenza (Flu)","https://www.cdc.gov/flu/avianflu/influenza-a-virus-subtypes.htm","https://www.cdc.gov/flu/avianflu/influenza-a-virus-subtypes.htm",1316,1296,20,1.52,1220,1154,66,5.41
"215","Tuskegee Study - Timeline - CDC - NCHHSTP","https://www.cdc.gov/tuskegee/timeline.htm","https://www.cdc.gov/tuskegee/timeline.htm",1311,1291,20,1.53,1143,1048,95,8.31
"216","Rotavirus | About Rotavirus | CDC","","https://www.cdc.gov/rotavirus/about",1316,1291,25,1.9,882,809,73,8.28
"217","Data and Statistics | Reproductive Health | CDC","","https://www.cdc.gov/reproductivehealth/data_stats",1334,1290,44,3.3,1035,955,80,7.73
"218","NHANES - National Health and Nutrition Examination Survey Homepage","https://www.cdc.gov/nchs/nhanes","https://www.cdc.gov/nchs/nhanes",1266,1285,-19,-1.5,900,828,72,8
"219","CDC | Milestones 1 Year | Learn the Signs. Act Early. | NCBDDD","","https://www.cdc.gov/ncbddd/actearly/milestones/milestones-1yr.html",1311,1284,27,2.06,1150,1083,67,5.83
"220","Types of Fungal Diseases | Fungal Diseases | CDC","https://www.cdc.gov/fungal/diseases","https://www.cdc.gov/fungal/diseases",1312,1281,31,2.36,981,925,56,5.71
"221","Data & Statistics | Overweight & Obesity | CDC","https://www.cdc.gov/obesity/data","https://www.cdc.gov/obesity/data",1318,1277,41,3.11,905,811,94,10.39
"222","CDC - Fact Sheet - Fast Facts - Smoking & Tobacco Use","https://www.cdc.gov/tobacco/data_statistics/fact_sheets/fast_facts","https://www.cdc.gov/tobacco/data_statistics/fact_sheets/fast_facts",1316,1272,44,3.34,1091,994,97,8.89
"223","CDC - STD Fact Sheet","https://www.cdc.gov/std/healthcomm/fact_sheets.htm","",1282,1270,12,0.94,854,757,97,11.36
"224","Defining Adult Overweight and Obesity | Overweight & Obesity | CDC","https://www.cdc.gov/obesity/adult/defining.html","https://www.cdc.gov/obesity/adult/defining.html",1331,1268,63,4.73,1091,976,115,10.54
"225","General Information | E.coli | CDC","","https://www.cdc.gov/ecoli/general",1318,1265,53,4.02,1089,1007,82,7.53
"226","CDC - BRFSS","https://www.cdc.gov/brfss","",1279,1265,14,1.09,950,846,104,10.95
"227","Immunization Schedules for Teens in Easy-to-read Formats | CDC","https://www.cdc.gov/vaccines/schedules/easy-to-read/preteen-teen.html","https://www.cdc.gov/vaccines/schedules/easy-to-read/preteen-teen.html",1300,1264,36,2.77,1184,1071,113,9.54
"228","Preventing Seasonal Flu With Vaccination | Seasonal Influenza (Flu) | CDC","","https://www.cdc.gov/flu/protect/vaccine",1321,1262,59,4.47,1044,934,110,10.54
"229","Hand Foot and Mouth Disease | Causes and Transmission | HFMD | CDC","https://www.cdc.gov/hand-foot-mouth/about/transmission.html","https://www.cdc.gov/hand-foot-mouth/about/transmission.html",1290,1260,30,2.33,1160,1054,106,9.14
"230","Dogs | Bringing an Animal into U.S. | Importation | CDC","https://www.cdc.gov/importation/bringing-an-animal-into-the-united-states/dogs.html","https://www.cdc.gov/importation/bringing-an-animal-into-the-united-states/dogs.html",1297,1259,38,2.93,1023,908,115,11.24
"231","Impaired Driving: Get the Facts | Motor Vehicle Safety | CDC Injury Center","https://www.cdc.gov/motorvehiclesafety/impaired_driving/impaired-drv_factsheet.html","https://www.cdc.gov/motorvehiclesafety/impaired_driving/impaired-drv_factsheet.html",1317,1257,60,4.56,1099,1004,95,8.64
"232","Influenza Antiviral Medications: Summary for Clinicians | Health Professionals | Seasonal Influenza","https://www.cdc.gov/flu/professionals/antivirals/summary-clinicians.htm","https://www.cdc.gov/flu/professionals/antivirals/summary-clinicians.htm",1312,1255,57,4.34,1167,1022,145,12.43
"233","CDC | Milestones 18 months | Learn the Signs. Act Early. | NCBDDD","https://www.cdc.gov/ncbddd/actearly/milestones/milestones-18mo.html","https://www.cdc.gov/ncbddd/actearly/milestones/milestones-18mo.html",1269,1254,15,1.18,1147,1083,64,5.58
"234","CDC | Milestones 4 months | Learn the Signs. Act Early. | NCBDDD","","https://www.cdc.gov/ncbddd/actearly/milestones/milestones-4mo.html",1285,1252,33,2.57,1149,1067,82,7.14
"235","Risk of Exposure | Leptospirosis | CDC","https://www.cdc.gov/leptospirosis/exposure","https://www.cdc.gov/leptospirosis/exposure",1287,1251,36,2.8,1174,1093,81,6.9
"236","Centros para el Control y la Prevención de Enfermedades CDC","https://www.cdc.gov/spanish","https://www.cdc.gov/spanish",1274,1251,23,1.81,907,836,71,7.83
"237","Foodborne Germs and Illnesses | Food Safety | CDC","","https://www.cdc.gov/foodsafety/foodborne-germs.html",1317,1250,67,5.09,968,858,110,11.36
"238","Hepatitis A Questions and Answers for the Public | Division of Viral Hepatitis | CDC","https://www.cdc.gov/hepatitis/hav/afaq.htm","https://www.cdc.gov/hepatitis/hav/afaq.htm",1299,1249,50,3.85,1159,1074,85,7.33
"239","Yellow Fever | CDC","https://www.cdc.gov/yellowfever","https://www.cdc.gov/yellowfever",1311,1249,62,4.73,971,849,122,12.56
"240","CDC - Malaria - Travelers - Choosing a Drug to Prevent Malaria","https://www.cdc.gov/malaria/travelers/drugs.html","https://www.cdc.gov/malaria/travelers/drugs.html",1301,1247,54,4.15,1138,1015,123,10.81
"241","Childhood Obesity Facts | Overweight & Obesity | CDC","https://www.cdc.gov/obesity/data/childhood.html","https://www.cdc.gov/obesity/data/childhood.html",1275,1240,35,2.75,1016,937,79,7.78
"242","Flu and You | Seasonal Influenza (Flu) | CDC","https://www.cdc.gov/flu/consumer","",1265,1235,30,2.37,1079,997,82,7.6
"243","FastStats - Marriage and Divorce","https://www.cdc.gov/nchs/fastats/marriage-divorce.htm","https://www.cdc.gov/nchs/fastats/marriage-divorce.htm",1260,1234,26,2.06,928,858,70,7.54
"244","Healthcare-associated infections | HAI | CDC","https://www.cdc.gov/hai","https://www.cdc.gov/hai",1255,1229,26,2.07,963,831,132,13.71
"245","HIV in the United States | Statistics Overview | Statistics Center | HIV/AIDS | CDC","https://www.cdc.gov/hiv/statistics/overview/ataglance.html","https://www.cdc.gov/hiv/statistics/overview/ataglance.html",1238,1226,12,0.97,1097,1024,73,6.65
"246","Home | Attention Deficit Hyperactivity Disorders (ADHD) | NCBDDD | CDC","https://www.cdc.gov/ncbddd/adhd","https://wwwdev.cdc.gov/ncbddd/adhd",1247,1225,22,1.76,848,771,77,9.08
"247","Signos y síntomas clínicos de la influenza | Profesionales de la salud | Influenza (gripe) estacio","https://espanol.cdc.gov/enes/flu/professionals/acip/clinical.htm","https://espanol.cdc.gov/enes/flu/professionals/acip/clinical.htm",1242,1221,21,1.69,1133,1080,53,4.68
"248","Vaccine Information Statement | Diphtheria-Tetanus-Pertussis | VIS | CDC","https://www.cdc.gov/vaccines/hcp/vis/vis-statements/dtap.html","https://www.cdc.gov/vaccines/hcp/vis/vis-statements/dtap.html",1268,1219,49,3.86,1157,1090,67,5.79
"249","CDC – Chlamydia Treatment","","https://www.cdc.gov/std/chlamydia/treatment.htm",1244,1217,27,2.17,1110,1047,63,5.68
"250","HPV Vaccine Information For Young Women","https://www.cdc.gov/std/HPV/STDFact-HPV-vaccine-young-women.htm","https://www.cdc.gov/std/HPV/STDFact-HPV-vaccine-young-women.htm",1249,1215,34,2.72,1150,1067,83,7.22
"251","Parasites - Cryptosporidium (also known as ""Crypto"") | Cryptosporidium | Parasites | CDC","","https://www.cdc.gov/parasites/crypto",1231,1211,20,1.62,854,764,90,10.54
"252","Redirect | You Call the Shots | Vaccines Web-based Training Course | CDC","","https://www.cdc.gov/vaccines/ed/youcalltheshots.htm",1322,1210,112,8.47,907,484,423,46.64
"253","Prevention and Control of Seasonal Influenza with Vaccines | MMWR","https://www.cdc.gov/mmwr/volumes/65/rr/rr6505a1.htm","https://www.cdc.gov/mmwr/volumes/65/rr/rr6505a1.htm",1237,1202,35,2.83,1102,1010,92,8.35
"254","About CDC 24-7 | About | CDC","","https://www.cdc.gov/about",1212,1202,10,0.83,929,859,70,7.53
"255","Legionella | About the Disease | Legionnaires | CDC","https://www.cdc.gov/legionella/about","https://www.cdc.gov/legionella/about",1230,1200,30,2.44,895,811,84,9.39
"256","HBV FAQs for Health Professionals | Division of Viral Hepatitis | CDC","https://www.cdc.gov/hepatitis/hbv/hbvfaq.htm","https://www.cdc.gov/hepatitis/hbv/hbvfaq.htm",1233,1197,36,2.92,1053,963,90,8.55
"257","Vaccine Information Statement | Hepatitis A | VIS | CDC","https://www.cdc.gov/vaccines/hcp/vis/vis-statements/hep-a.html","",1251,1190,61,4.88,1133,1035,98,8.65
"258","Thimerosal in Vaccines Thimerosal | Concerns | Vaccine Safety | CDC","https://www.cdc.gov/vaccinesafety/concerns/thimerosal","https://www.cdc.gov/vaccinesafety/Concerns/thimerosal",1209,1187,22,1.82,1073,998,75,6.99
"259","Ebola Hemorrhagic Fever | CDC","https://www.cdc.gov/vhf/ebola","https://www.cdc.gov/vhf/ebola",1245,1186,59,4.74,831,748,83,9.99
"260","Hand Foot and Mouth Disease | Signs and Symptoms | HFMD | CDC","https://www.cdc.gov/hand-foot-mouth/about/signs-symptoms.html","https://www.cdc.gov/hand-foot-mouth/about/signs-symptoms.html",1211,1185,26,2.15,1069,985,84,7.86
"261","West Nile virus | West Nile Virus | CDC","https://www.cdc.gov/westnile","https://www.cdc.gov/westnile",1216,1179,37,3.04,892,819,73,8.18
"262","Healthy Weight | CDC","https://www.cdc.gov/healthyweight","https://www.cdc.gov/healthyweight",1235,1178,57,4.62,982,878,104,10.59
"263","Síntomas | El virus del Zika | CDC","https://espanol.cdc.gov/enes/zika/symptoms/symptoms.html","https://espanol.cdc.gov/enes/zika/symptoms/symptoms.html",1186,1168,18,1.52,1019,982,37,3.63
"264","Information for Schools | Seasonal Influenza (Flu) | CDC","https://www.cdc.gov/flu/school/qa.htm","https://www.cdc.gov/flu/school/qa.htm",1173,1160,13,1.11,1102,1040,62,5.63
"265","People at High Risk of Developing Flu–Related Complications | Seasonal Influenza (Flu) | CDC","https://www.cdc.gov/flu/about/disease/high_risk.htm","https://www.cdc.gov/flu/about/disease/high_risk.htm",1183,1155,28,2.37,1033,967,66,6.39
"266","CDC - Parasites","https://www.cdc.gov/parasites","https://www.cdc.gov/parasites",1193,1155,38,3.19,900,826,74,8.22
"267","Smallpox Virus | CDC","","https://www.cdc.gov/smallpox",1221,1155,66,5.41,768,682,86,11.2
"268","Coronavirus | About | CDC","https://www.cdc.gov/coronavirus/about","https://www.cdc.gov/coronavirus/about",1200,1154,46,3.83,1081,988,93,8.6
"269","HIV Basics | HIV/AIDS | CDC","","https://www.cdc.gov/hiv/basics",1197,1153,44,3.68,876,791,85,9.7
"270","CDC | Milestones 9 months | Learn the Signs. Act Early. | NCBDDD","https://www.cdc.gov/ncbddd/actearly/milestones/milestones-9mo.html","https://www.cdc.gov/ncbddd/actearly/milestones/milestones-9mo.html",1170,1145,25,2.14,1013,956,57,5.63
"271","Vaccine Information Statement | Chickenpox | Varicella | VIS | CDC","https://www.cdc.gov/vaccines/hcp/vis/vis-statements/varicella.html","https://www.cdc.gov/vaccines/hcp/vis/vis-statements/varicella.html",1193,1142,51,4.27,1103,1012,91,8.25
"272","Information for Health Professionals | Health Professionals | Seasonal Influenza (Flu)","https://www.cdc.gov/flu/professionals/index.htm","https://www.cdc.gov/flu/professionals",1183,1138,45,3.8,1017,873,144,14.16
"273","Pneumococcal Vaccination | What You Should Know | CDC","https://www.cdc.gov/vaccines/vpd/pneumo/public","https://www.cdc.gov/vaccines/vpd/pneumo/public",1175,1135,40,3.4,1056,973,83,7.86
"274","CDC - Heart Disease Home - DHDSP","https://www.cdc.gov/heartdisease","https://www.cdc.gov/heartdisease",1152,1129,23,2,860,765,95,11.05
"275","Overview | Zika virus | CDC","","https://www.cdc.gov/zika/about/overview.html",1164,1124,40,3.44,986,905,81,8.22
"276","Chlamydial Infections - 2015 STD Treatment Guidelines","https://www.cdc.gov/std/tg2015/chlamydia.htm","https://www.cdc.gov/std/tg2015/chlamydia.htm",1156,1123,33,2.85,1065,992,73,6.85
"277","Adenovirus | Home | CDC","https://www.cdc.gov/adenovirus","https://www.cdc.gov/adenovirus",1128,1112,16,1.42,950,861,89,9.37
"278","Testing | HIV Basics | HIV/AIDS | CDC","https://www.cdc.gov/hiv/basics/testing.html","https://www.cdc.gov/hiv/basics/testing.html",1123,1110,13,1.16,1007,946,61,6.06
"279","Gonorrhea - STD information from CDC","https://www.cdc.gov/std/gonorrhea/default.htm","https://www.cdc.gov/std/Gonorrhea",1148,1107,41,3.57,906,800,106,11.7
"280","Diabetes | CDC","https://www.cdc.gov/diabetes/home","https://www.cdc.gov/diabetes/home",1096,1107,-11,-1,858,772,86,10.02
"281","Scarlet Fever: A Group A Streptococcal Infection | Features | CDC","https://www.cdc.gov/features/scarletfever","https://www.cdc.gov/features/scarletfever",1125,1101,24,2.13,1047,982,65,6.21
"282","Epstein-barr | Mononucleosis | About Mono | CDC","https://www.cdc.gov/epstein-barr/about-mono.html","https://www.cdc.gov/epstein-barr/about-mono.html",1131,1101,30,2.65,998,919,79,7.92
"283","Pertussis | Whooping Cough | About the Disease | CDC","https://www.cdc.gov/pertussis/about","https://www.cdc.gov/pertussis/about",1130,1095,35,3.1,775,673,102,13.16
"284","Mumps | Cases and Outbreaks | CDC","https://www.cdc.gov/mumps/outbreaks.html","https://www.cdc.gov/mumps/outbreaks.html",1154,1094,60,5.2,994,881,113,11.37
"285","Questions and Answers | Salmonella | CDC","https://www.cdc.gov/salmonella/general","https://www.cdc.gov/salmonella/general",1122,1093,29,2.58,939,871,68,7.24
"286","Pandemic Influenza | Pandemic Influenza (Flu) | CDC","https://www.cdc.gov/flu/pandemic-resources/index.htm","https://www.cdc.gov/flu/pandemic-resources",1128,1092,36,3.19,980,893,87,8.88
"287","Vaccine Information Statement | Your Child's First Vaccines | VIS | CDC","","https://www.cdc.gov/vaccines/hcp/vis/vis-statements/multi.html",1142,1091,51,4.47,1032,954,78,7.56
"288","Facts about Microcephaly | Birth Defects | NCBDDD | CDC","https://www.cdc.gov/ncbddd/birthdefects/microcephaly.html","https://www.cdc.gov/ncbddd/birthdefects/microcephaly.html",1116,1089,27,2.42,975,917,58,5.95
"289","Abortion | Data and Statistics | Reproductive Health | CDC","https://www.cdc.gov/reproductivehealth/data_stats/abortion.htm","https://www.cdc.gov/reproductivehealth/Data_Stats/Abortion.htm",1125,1089,36,3.2,938,880,58,6.18
"290","Division of Viral Hepatitis Home Page | Division of Viral Hepatitis | CDC","https://www.cdc.gov/hepatitis","https://www.cdc.gov/hepatitis",1108,1089,19,1.71,797,695,102,12.8
"291","RSV | Transmission and Prevention | Respiratory Syncytial Virus | CDC","https://www.cdc.gov/rsv/about/transmission.html","https://www.cdc.gov/rsv/about/transmission.html",1116,1086,30,2.69,1002,919,83,8.28
"292","CDC - NIOSH Pocket Guide to Chemical Hazards (NPG)","https://www.cdc.gov/niosh/npg","https://www.cdc.gov/niosh/npg",1133,1075,58,5.12,797,687,110,13.8
"293","Antibiotic / Antimicrobial Resistance | CDC","https://www.cdc.gov/drugresistance","https://www.cdc.gov/drugresistance",1109,1074,35,3.16,874,817,57,6.52
"294","Parents | Records and Requirements | CDC","https://www.cdc.gov/vaccines/parents/records-requirements.html","https://www.cdc.gov/vaccines/parents/records-requirements.html",1094,1072,22,2.01,929,859,70,7.53
"295","Hand Hygiene in Healthcare Settings | Hand Hygiene | CDC","","https://www.cdc.gov/handhygiene",1089,1071,18,1.65,828,700,128,15.46
"296","Giardia | Parasites | CDC","https://www.cdc.gov/parasites/giardia","https://www.cdc.gov/parasites/giardia",1108,1069,39,3.52,795,726,69,8.68
"297","Symptoms, Diagnosis, & Treatment | Chikungunya virus | CDC","https://www.cdc.gov/chikungunya/symptoms","https://www.cdc.gov/chikungunya/symptoms",1103,1057,46,4.17,976,903,73,7.48
"298","Treatment | Lyme Disease | CDC","https://www.cdc.gov/lyme/treatment","https://www.cdc.gov/lyme/treatment",1087,1057,30,2.76,893,820,73,8.17
"299","About HIV/AIDS | HIV Basics | HIV/AIDS | CDC","https://www.cdc.gov/hiv/basics/whatishiv.html","https://www.cdc.gov/hiv/basics/whatishiv.html",1115,1056,59,5.29,877,781,96,10.95
"300","CDC A-Z Index - M","https://www.cdc.gov/az/m.html","https://www.cdc.gov/az/m.html",1080,1051,29,2.69,856,768,88,10.28
"301","Bacterial Vaginosis - STD information from CDC","https://www.cdc.gov/std/bv/default.htm","https://www.cdc.gov/std/bv",1079,1051,28,2.59,858,760,98,11.42
"302","CDC - Inside Knowledge Campaign","https://www.cdc.gov/cancer/knowledge","https://wwwdev.cdc.gov/cancer/knowledge",1065,1049,16,1.5,937,904,33,3.52
"303","STD Data and Statistics","https://www.cdc.gov/std/stats","https://www.cdc.gov/std/stats",1038,1033,5,0.48,777,692,85,10.94
"304","CDC - Toxoplasmosis - General Information - Frequently Asked Questions (FAQs)","https://www.cdc.gov/parasites/toxoplasmosis/gen_info/faqs.html","https://www.cdc.gov/parasites/toxoplasmosis/gen_info/faqs.html",1065,1032,33,3.1,933,881,52,5.57
"305","Assessing Your Weight | Healthy Weight | CDC","https://www.cdc.gov/healthyweight/assessing","https://www.cdc.gov/healthyweight/assessing",1072,1029,43,4.01,871,757,114,13.09
"306","Clostridium difficile Infection Information for Patients | HAI | CDC","https://www.cdc.gov/hai/organisms/cdiff/cdiff-patient.html","https://www.cdc.gov/hai/organisms/cdiff/cdiff-patient.html",1062,1025,37,3.48,931,841,90,9.67
"307","Understanding the Epidemic | Drug Overdose | CDC Injury Center","","https://www.cdc.gov/drugoverdose/epidemic",1047,1020,27,2.58,782,711,71,9.08
"308","RSV | Symptoms and Care | Respiratory Syncytial Virus | CDC","https://www.cdc.gov/rsv/about/symptoms.html","https://www.cdc.gov/rsv/about/symptoms.html",1056,1019,37,3.5,973,889,84,8.63
"309","Easy-to-read Immunization Schedules | CDC","https://www.cdc.gov/vaccines/schedules/easy-to-read","",1058,1019,39,3.69,849,724,125,14.72
"310","Advice for people living in or traveling to Brownsville, Texas | Zika virus | CDC","https://www.cdc.gov/zika/intheus/texas-update.html","https://www.cdc.gov/zika/intheus/texas-update.html",1049,1017,32,3.05,967,892,75,7.76
"311","Questions and Answers | Listeria | CDC","https://www.cdc.gov/listeria/faq.html","https://www.cdc.gov/listeria/faq.html",1043,1016,27,2.59,930,860,70,7.53
"312","Testing for Zika | Zika virus | CDC","https://www.cdc.gov/zika/symptoms/diagnosis.html","https://www.cdc.gov/zika/symptoms/diagnosis.html",1035,1015,20,1.93,929,861,68,7.32
"313","Vaccine Information Statement | HPV | VIS | CDC","https://www.cdc.gov/vaccines/hcp/vis/vis-statements/hpv.html","https://www.cdc.gov/vaccines/hcp/vis/vis-statements/hpv.html",1065,1014,51,4.79,911,824,87,9.55
"314","https://wwwn.cdc.gov/clia/Resources/LabSearch.aspx",NA,"https://wwwn.cdc.gov/clia/Resources/LabSearch.aspx",NA,1014,NA,NA,NA,188,NA,NA
"315","MMR Vaccination | What You Should Know | Measles, Mumps, Rubella | CDC","https://www.cdc.gov/vaccines/vpd/mmr/public","https://www.cdc.gov/vaccines/vpd/mmr/public",1051,1010,41,3.9,941,869,72,7.65
"316","Chickenpox | Prevention and Treatment | Varicella | CDC","https://www.cdc.gov/chickenpox/about/prevention-treatment.html","https://www.cdc.gov/chickenpox/about/prevention-treatment.html",1089,1008,81,7.44,917,840,77,8.4
"317","Invasive Candidiasis | Candidiasis | Types of Fungal Diseases | Fungal Diseases | CDC","https://www.cdc.gov/fungal/diseases/candidiasis/invasive","https://www.cdc.gov/fungal/diseases/candidiasis/invasive",1030,1007,23,2.23,646,568,78,12.07
"318","Influenza (gripe) | CDC","https://espanol.cdc.gov/enes/flu/index.htm","https://espanol.cdc.gov/enes/flu",1006,1003,3,0.3,787,763,24,3.05
"319","The Flu Season | Seasonal Influenza (Flu) | CDC","https://www.cdc.gov/flu/about/season/flu-season.htm","https://www.cdc.gov/flu/about/season/flu-season.htm",1029,1000,29,2.82,951,894,57,5.99
"320","CDC - Malaria - About Malaria","https://www.cdc.gov/malaria/about","https://www.cdc.gov/malaria/about",1025,995,30,2.93,632,557,75,11.87
"321","Candidiasis | Types of Diseses | Fungal Diseases | CDC","https://www.cdc.gov/fungal/diseases/candidiasis","https://www.cdc.gov/fungal/diseases/candidiasis",1021,991,30,2.94,821,760,61,7.43
"322","CDC | TB | Treatment","","",1026,988,38,3.7,765,694,71,9.28
"323","2014-2016 Ebola Outbreak in West Africa | Ebola Hemorrhagic Fever | CDC","https://www.cdc.gov/vhf/ebola/outbreaks/2014-west-africa","https://www.cdc.gov/vhf/ebola/outbreaks/2014-west-africa",1007,978,29,2.88,759,694,65,8.56
"324","CDC - Mold - General Information - Facts About Mold and Dampness","https://www.cdc.gov/mold/dampness_facts.htm","https://www.cdc.gov/mold/dampness_facts.htm",1000,976,24,2.4,922,867,55,5.97
"325","Weekly Report",NA,"https://www.cdc.gov/mmwr/index2016.html",NA,975,NA,NA,NA,483,NA,NA
"326","Measuring Blood Pressure | cdc.gov","https://www.cdc.gov/bloodpressure/measure.htm","https://www.cdc.gov/bloodpressure/measure.htm",997,973,24,2.41,916,853,63,6.88
"327","Physical Activity Basics | Physical Activity | CDC","https://www.cdc.gov/physicalactivity/basics","https://www.cdc.gov/physicalactivity/basics",1002,972,30,2.99,690,612,78,11.3
"328","Epi Info | CDC","https://www.cdc.gov/epiinfo","https://www.cdc.gov/epiinfo",976,971,5,0.51,723,680,43,5.95
"329","CDC | TB | Tratamiento para la enfermedad de la TB","https://www.cdc.gov/tb/esp/topic/treatment/tbdisease.htm","https://www.cdc.gov/tb/esp/topic/treatment/tbdisease.htm",985,969,16,1.62,802,777,25,3.12
"330","Male Condom Use | Condom Effectiveness | CDC","https://www.cdc.gov/condomeffectiveness/male-condom-use.html","https://www.cdc.gov/condomeffectiveness/male-condom-use.html",1001,968,33,3.3,928,884,44,4.74
"331","Tipos de virus de influenza | Influenza (gripe) estacional | CDC","","https://espanol.cdc.gov/enes/flu/about/viruses/types.htm",967,962,5,0.52,830,810,20,2.41
"332","Preventing the Flu: Good Health Habits Can Help Stop Germs | Seasonal Influenza (Flu) | CDC","https://www.cdc.gov/flu/protect/habits.htm","https://www.cdc.gov/flu/protect/habits.htm",990,961,29,2.93,866,765,101,11.66
"333","Syphilis - STD information from CDC","","https://www.cdc.gov/std/syphilis",974,956,18,1.85,826,715,111,13.44
"334","FastStats - Life Expectancy","https://www.cdc.gov/nchs/fastats/life-expectancy.htm","https://www.cdc.gov/nchs/fastats/life-expectancy.htm",992,956,36,3.63,766,702,64,8.36
"335","Necrotizing Fasciitis: A Rare Disease, Especially for the Healthy | Features | CDC","https://www.cdc.gov/features/necrotizingfasciitis","https://www.cdc.gov/features/necrotizingfasciitis",977,949,28,2.87,862,799,63,7.31
"336","CDC - Gonorrhea Treatment","https://www.cdc.gov/std/gonorrhea/treatment.htm","https://www.cdc.gov/std/gonorrhea/treatment.htm",987,947,40,4.05,845,779,66,7.81
"337","Signs and Symptoms | Ebola Hemorrhagic Fever | CDC","https://www.cdc.gov/vhf/ebola/symptoms","https://www.cdc.gov/vhf/ebola/symptoms",990,946,44,4.44,810,746,64,7.9
"338","Aspergillosis | Types of Fungal Diseases | Fungal Diseases | CDC","https://www.cdc.gov/fungal/diseases/aspergillosis","https://www.cdc.gov/fungal/diseases/aspergillosis",980,946,34,3.47,683,624,59,8.64
"339","CDC | Milestones 4 Years | Learn the Signs. Act Early. | NCBDDD","https://www.cdc.gov/ncbddd/actearly/milestones/milestones-4yr.html","https://www.cdc.gov/ncbddd/actearly/milestones/milestones-4yr.html",962,943,19,1.98,826,771,55,6.66
"340","CDC - Fact Sheet - Current Cigarette Smoking Among Adults in the United States - Smoking & Tobacco U","https://www.cdc.gov/tobacco/data_statistics/fact_sheets/adult_data/cig_smoking","https://www.cdc.gov/tobacco/data_statistics/fact_sheets/adult_data/cig_smoking",965,941,24,2.49,793,739,54,6.81
"341","Oral Sex | HIV Risk and Prevention | HIV/AIDS | CDC","https://www.cdc.gov/hiv/risk/oralsex.html","https://www.cdc.gov/hiv/risk/oralsex.html",961,939,22,2.29,887,835,52,5.86
"342","General Information | MRSA | CDC","https://www.cdc.gov/mrsa/healthcare","https://www.cdc.gov/mrsa/healthcare",958,938,20,2.09,743,654,89,11.98
"343","CDC - Malaria - About Malaria - FAQs","https://www.cdc.gov/malaria/about/faqs.html","https://www.cdc.gov/malaria/about/faqs.html",1027,935,92,8.96,906,793,113,12.47
"344","2015 STD Treatment Guidelines","","https://www.cdc.gov/std/tg2015",969,934,35,3.61,822,731,91,11.07
"345","Ten Leading Causes of Death and Injury - PDFs|Injury Center|CDC","https://www.cdc.gov/injury/wisqars/leadingcauses.html","https://www.cdc.gov/injury/wisqars/leadingcauses.html",968,934,34,3.51,676,583,93,13.76
"346","WISQARS (Web-based Injury Statistics Query and Reporting System)|Injury Center|CDC","https://www.cdc.gov/injury/wisqars","https://www.cdc.gov/injury/wisqars",943,933,10,1.06,636,554,82,12.89
"347","CDC - Malaria - Travelers - Maps","https://www.cdc.gov/malaria/travelers/about_maps.html","https://wwwdev.cdc.gov/malaria/travelers/about_maps.html",963,932,31,3.22,591,482,109,18.44
"348","CDC A-Z Index - C","https://www.cdc.gov/az/c.html","https://www.cdc.gov/az/c.html",960,931,29,3.02,769,704,65,8.45
"349","CDC - Malaria - About Malaria - Biology","https://www.cdc.gov/malaria/about/biology","https://www.cdc.gov/malaria/about/biology",961,927,34,3.54,775,720,55,7.1
"350","Symptoms and Diagnosis | ADHD | NCBDDD | CDC","https://www.cdc.gov/ncbddd/adhd/diagnosis.html","https://www.cdc.gov/ncbddd/adhd/diagnosis.html",953,925,28,2.94,801,747,54,6.74
"351","CDC - STDs - HPV","https://www.cdc.gov/std/hpv/default.htm","https://www.cdc.gov/std/hpv",953,923,30,3.15,764,687,77,10.08
"352","Children, the Flu, and the Flu Vaccine | Seasonal Influenza (Flu) | CDC","https://www.cdc.gov/flu/protect/children.htm","https://www.cdc.gov/flu/protect/children.htm",951,922,29,3.05,872,801,71,8.14
"353","Data and Statistics | ADHD | NCBDDD | CDC","https://www.cdc.gov/ncbddd/adhd/data.html","https://www.cdc.gov/ncbddd/adhd/data.html",953,921,32,3.36,691,634,57,8.25
"354","Vaccine Information Statement | Rotavirus | VIS | CDC","https://www.cdc.gov/vaccines/hcp/vis/vis-statements/rotavirus.html","",958,913,45,4.7,871,814,57,6.54
"355","Shigella – Shigellosis | Shigella – Shigellosis | CDC","https://www.cdc.gov/shigella","",929,907,22,2.37,722,661,61,8.45
"356","NCHS - 404 Error - Resource Not Available","","https://www.cdc.gov/nchs/surveys",919,906,13,1.41,713,650,63,8.84
"357","Influenza-Related Questions & Answers by Topic | Seasonal Influenza (Flu) | CDC","https://www.cdc.gov/flu/faq/index.htm","https://www.cdc.gov/flu/faq",927,899,28,3.02,792,728,64,8.08
"358","Bacterial Vaginosis - 2015 STD Treatment Guidelines","https://www.cdc.gov/std/tg2015/bv.htm","https://www.cdc.gov/std/tg2015/bv.htm",920,897,23,2.5,846,793,53,6.26
"359","CDC - Cancer Prevention and Control",NA,"https://www.cdc.gov/cancer",NA,894,NA,NA,NA,563,NA,NA
"360","Diseases directly transmitted by rodents | Rodents | CDC","","https://www.cdc.gov/rodents/diseases/direct.html",905,893,12,1.33,703,628,75,10.67
"361","Pneumococcal Disease | Vaccines - PCV13 and PPSV23 | CDC","https://www.cdc.gov/pneumococcal/vaccination.html","https://www.cdc.gov/pneumococcal/vaccination.html",909,889,20,2.2,781,710,71,9.09
"362","Vaccine Information Statement | Pneumococcal Polysaccharide | VIS | CDC","https://www.cdc.gov/vaccines/hcp/vis/vis-statements/ppv.html","https://www.cdc.gov/vaccines/hcp/vis/vis-statements/ppv.html",933,884,49,5.25,857,783,74,8.63
"363","Measles | Cases and Outbreaks | CDC","https://www.cdc.gov/measles/cases-outbreaks.html","https://www.cdc.gov/measles/cases-outbreaks.html",920,884,36,3.91,771,681,90,11.67
"364","Adult Vaccination | Home | CDC","","https://www.cdc.gov/vaccines/adults",907,882,25,2.76,741,653,88,11.88
"365","Mumps | Transmission | CDC","https://www.cdc.gov/mumps/about/transmission.html","https://www.cdc.gov/mumps/about/transmission.html",913,881,32,3.5,791,730,61,7.71
"366","Vaccine Information Statement | Typhoid | VIS | CDC","https://www.cdc.gov/vaccines/hcp/vis/vis-statements/typhoid.html","https://www.cdc.gov/vaccines/hcp/vis/vis-statements/typhoid.html",935,877,58,6.2,882,796,86,9.75
"367","Measles | Home | Rubeola | CDC","https://www.cdc.gov/measles","https://www.cdc.gov/measles",916,877,39,4.26,756,699,57,7.54
"368","Infectious disease Campylobacter general information | Foodborne illnesses | CDC","https://www.cdc.gov/foodsafety/diseases/campylobacter","https://www.cdc.gov/foodsafety/diseases/campylobacter",918,875,43,4.68,786,721,65,8.27
"369","ACIP | Home | Advisory Committee on Immunization Practices | CDC",NA,"",NA,871,NA,NA,NA,673,NA,NA
"370","Human papillomavirus (HPV) and Oropharyngeal Cancer | Sexually Transmitted Diseases | CDC",NA,"https://www.cdc.gov/std/hpv/stdfact-hpvandoropharyngealcancer.htm",NA,870,NA,NA,NA,771,NA,NA
"371","CDC - Fact Sheet - Secondhand Smoke Facts - Smoking & Tobacco Use",NA,"https://www.cdc.gov/tobacco/data_statistics/fact_sheets/secondhand_smoke/general_facts",NA,869,NA,NA,NA,692,NA,NA
"372","CDC - Fact Sheet - Youth and Tobacco Use - Smoking & Tobacco Use","https://www.cdc.gov/tobacco/data_statistics/fact_sheets/youth_data/tobacco_use","https://www.cdc.gov/tobacco/data_statistics/fact_sheets/youth_data/tobacco_use",966,869,97,10.04,792,684,108,13.64
"373","Tetanus Vaccination | CDC","https://www.cdc.gov/vaccines/vpd/tetanus","https://www.cdc.gov/vaccines/vpd/tetanus",906,867,39,4.3,794,723,71,8.94
"374","Burden of Tobacco Use in the U.S. | Data and Statistics | Campaign Resources | Tips From Former Smok","https://www.cdc.gov/tobacco/campaign/tips/resources/data/cigarette-smoking-in-united-states.html","https://www.cdc.gov/tobacco/campaign/tips/resources/data/cigarette-smoking-in-united-states.html",926,867,59,6.37,760,677,83,10.92
"375","Prevention Strategies for Seasonal Influenza in Healthcare Settings | Health Professionals | Seasona","https://www.cdc.gov/flu/professionals/infectioncontrol/healthcaresettings.htm","https://www.cdc.gov/flu/professionals/infectioncontrol/healthcaresettings.htm",896,867,29,3.24,774,675,99,12.79
"376","CDC Global Health - Polio - What Is Polio?","https://www.cdc.gov/polio/about","https://www.cdc.gov/polio/about",892,863,29,3.25,761,712,49,6.44
"377","Gonococcal Infections - 2015 STD Treatment Guidelines",NA,"https://www.cdc.gov/std/tg2015/gonorrhea.htm",NA,861,NA,NA,NA,683,NA,NA
"378","Principles of Epidemiology | Lesson 3 - Section 2","https://www.cdc.gov/ophss/csels/dsepd/ss1978/lesson3/section2.html","https://www.cdc.gov/ophss/csels/dsepd/ss1978/lesson3/section2.html",901,861,40,4.44,732,667,65,8.88
"379","Facts | ADHD | NCBDDD | CDC",NA,"https://www.cdc.gov/ncbddd/adhd/facts.html",NA,859,NA,NA,NA,571,NA,NA
"380","Losing Weight | Healthy Weight | CDC",NA,"https://www.cdc.gov/healthyweight/losing_weight",NA,858,NA,NA,NA,688,NA,NA
"381","General Information | Cholera | CDC",NA,"https://www.cdc.gov/cholera/general",NA,858,NA,NA,NA,660,NA,NA
"382","CDC | Homepage | Learn the Signs. Act Early. | NCBDDD",NA,"https://www.cdc.gov/ncbddd/actearly",NA,857,NA,NA,NA,605,NA,NA
"383","Strong Men Put Their Heart Health First | Features | CDC",NA,"https://www.cdc.gov/features/heartmonth",NA,856,NA,NA,NA,711,NA,NA
"384","CDC - Chagas Disease",NA,"https://www.cdc.gov/parasites/chagas",NA,856,NA,NA,NA,517,NA,NA
"385","Group A Strep | Group A Streptococcus Diseases | GAS | CDC",NA,"https://www.cdc.gov/groupastrep/diseases-public",NA,853,NA,NA,NA,669,NA,NA
"386","https://www.atsdr.cdc.gov",NA,"https://www.atsdr.cdc.gov",NA,850,NA,NA,NA,593,NA,NA
"387","Display Immunization Schedules on Your Website | CDC",NA,"https://www.cdc.gov/vaccines/schedules/syndicate.html",NA,849,NA,NA,NA,699,NA,NA
"388","Data and Statistics | Diabetes | CDC",NA,"https://www.cdc.gov/diabetes/data",NA,846,NA,NA,NA,510,NA,NA
"389","Prevention | Leptospirosis | CDC",NA,"https://www.cdc.gov/leptospirosis/prevention",NA,845,NA,NA,NA,732,NA,NA
"390","Measles | Signs and Symptoms | CDC",NA,"https://www.cdc.gov/measles/about/signs-symptoms.html",NA,844,NA,NA,NA,691,NA,NA
"391","Trichomoniasis - STD information from CDC",NA,"https://www.cdc.gov/std/trichomonas",NA,843,NA,NA,NA,583,NA,NA
"392","CDC | Milestones 5 Years | Learn the Signs. Act Early. | NCBDDD",NA,"https://www.cdc.gov/ncbddd/actearly/milestones/milestones-5yr.html",NA,842,NA,NA,NA,712,NA,NA
"393","Enfermedades de transmisión sexual",NA,"https://www.cdc.gov/std/spanish",NA,841,NA,NA,NA,569,NA,NA
"394","CDC | TB | Treatment | Treatment for TB Disease",NA,"https://www.cdc.gov/tb/topic/treatment/tbdisease.htm",NA,835,NA,NA,NA,696,NA,NA
"395","Anthrax | CDC",NA,"https://www.cdc.gov/anthrax",NA,835,NA,NA,NA,509,NA,NA
"396","Measles | Photos of Measles and People with Measles | CDC",NA,"https://www.cdc.gov/measles/about/photos.html",NA,833,NA,NA,NA,603,NA,NA
"397","Overviews of Diseases/Conditions | Overviews of Diseases/Conditions | Tips From Former Smokers | CDC",NA,"https://www.cdc.gov/tobacco/campaign/tips/diseases",NA,832,NA,NA,NA,561,NA,NA
"398","Recovery | Concussion | Traumatic Brain Injury | CDC Injury Center",NA,"https://www.cdc.gov/traumaticbraininjury/recovery.html",NA,831,NA,NA,NA,705,NA,NA
"399","Meningococcal Vaccination | CDC",NA,"https://www.cdc.gov/vaccines/vpd/mening",NA,831,NA,NA,NA,667,NA,NA
"400","Hand Foot and Mouth Disease | Prevention and Treatment | HFMD | CDC",NA,"https://www.cdc.gov/hand-foot-mouth/about/prevention-treatment.html",NA,827,NA,NA,NA,722,NA,NA
"401","Treatment | Zika virus | CDC",NA,"https://www.cdc.gov/zika/symptoms/treatment.html",NA,825,NA,NA,NA,677,NA,NA
"402","CDC - Smoking & Tobacco Use",NA,"https://www.cdc.gov/tobacco",NA,825,NA,NA,NA,536,NA,NA
"403","Vaccination: Who Should Do It, Who Should Not and Who Should Take Precautions | Seasonal Influenza (",NA,"https://www.cdc.gov/flu/protect/whoshouldvax.htm",NA,824,NA,NA,NA,668,NA,NA
"404","Target Heart Rate and Estimated Maximum Heart Rate | Physical Activity | CDC",NA,"https://www.cdc.gov/physicalactivity/basics/measuring/heartrate.htm",NA,821,NA,NA,NA,726,NA,NA
"405","CDC – Syphilis Treatment",NA,"https://www.cdc.gov/std/syphilis/treatment.htm",NA,820,NA,NA,NA,671,NA,NA
"406","CDC - Fact Sheet - Health Effects of Secondhand Smoke - Smoking & Tobacco Use",NA,"https://www.cdc.gov/tobacco/data_statistics/fact_sheets/secondhand_smoke/health_effects",NA,819,NA,NA,NA,711,NA,NA
"407","CDC - Fact Sheets-Underage Drinking - Alcohol",NA,"https://www.cdc.gov/alcohol/fact-sheets/underage-drinking.htm",NA,819,NA,NA,NA,635,NA,NA
"408","Chickenpox | About | Varicella | CDC",NA,"https://www.cdc.gov/chickenpox/about",NA,817,NA,NA,NA,532,NA,NA
"409","Child Passenger Safety: Get the Facts | Motor Vehicle Safety | CDC Injury Center",NA,"https://www.cdc.gov/motorvehiclesafety/child_passenger_safety/cps-factsheet.html",NA,813,NA,NA,NA,694,NA,NA
"410","Health Effects & Risks | Zika virus | CDC",NA,"https://www.cdc.gov/zika/healtheffects",NA,812,NA,NA,NA,653,NA,NA
"411","CDC - NIOSH Research Rounds - Volume 2, Issue 8, February 2017",NA,"https://wwwdev.cdc.gov/niosh/research-rounds/resroundsv2n8.html",NA,812,NA,NA,NA,597,NA,NA
"412","Where to Write for Vital Records - California",NA,"https://www.cdc.gov/nchs/w2w/california.htm",NA,810,NA,NA,NA,676,NA,NA
"413","Flu News & Spotlights | Seasonal Influenza (Flu) | CDC",NA,"https://www.cdc.gov/flu/news.htm",NA,807,NA,NA,NA,643,NA,NA
"414","Prescription Opioid Overdose Data | Drug Overdose | CDC Injury Center",NA,"https://www.cdc.gov/drugoverdose/data/overdose.html",NA,806,NA,NA,NA,596,NA,NA
"415","Syphilis - 2015 STD Treatment Guidelines",NA,"https://www.cdc.gov/std/tg2015/syphilis.htm",NA,804,NA,NA,NA,679,NA,NA
"416","Adult Obesity Prevalence Maps | Overweight & Obesity | CDC",NA,"https://www.cdc.gov/obesity/data/prevalence-maps.html",NA,804,NA,NA,NA,567,NA,NA
"417","FastStats - Injuries",NA,"https://www.cdc.gov/nchs/fastats/injury.htm",NA,800,NA,NA,NA,580,NA,NA
"418","Diseases & Conditions A-Z Index - C",NA,"https://www.cdc.gov/diseasesconditions/az/c.html",NA,798,NA,NA,NA,508,NA,NA
"419","Hepatitis C Information | Division of Viral Hepatitis | CDC",NA,"https://www.cdc.gov/hepatitis/hcv",NA,797,NA,NA,NA,569,NA,NA
"420","Yellow Fever Vaccination | What You Need to Know | CDC",NA,"https://www.cdc.gov/vaccines/vpd/yf/public",NA,797,NA,NA,NA,561,NA,NA
"421","Signs and Symptoms | Concussion | Traumatic Brain Injury | CDC Injury Center",NA,"https://www.cdc.gov/traumaticbraininjury/symptoms.html",NA,796,NA,NA,NA,656,NA,NA
"422","Datos clave de la vacuna contra la influenza estacional | Influenza (gripe) estacional | CDC",NA,"https://espanol.cdc.gov/enes/flu/protect/keyfacts.htm",NA,793,NA,NA,NA,637,NA,NA
"423","Influenza estacional: Información básica | Influenza (gripe) estacional | CDC",NA,"https://espanol.cdc.gov/enes/flu/about/disease",NA,793,NA,NA,NA,571,NA,NA
"424","Hepatitis A Questions and Answers for Health Professionals | Division of Viral Hepatitis | CDC",NA,"https://www.cdc.gov/hepatitis/hav/havfaq.htm",NA,792,NA,NA,NA,675,NA,NA
"425","El sexo oral y el riesgo de contraer el VIH | Riesgo | VIH/SIDA | CDC",NA,"https://www.cdc.gov/hiv/spanish/risk/oralsex.html",NA,790,NA,NA,NA,710,NA,NA
"426","Physical Activity | CDC",NA,"https://www.cdc.gov/physicalactivity",NA,789,NA,NA,NA,495,NA,NA
"427","Childhood Overweight and Obesity | Overweight & Obesity | CDC",NA,"https://www.cdc.gov/obesity/childhood",NA,788,NA,NA,NA,503,NA,NA
"428","CDC - Fast Facts and Fact Sheets - Smoking & Tobacco Use",NA,"https://wwwdev.cdc.gov/tobacco/data_statistics/fact_sheets",NA,787,NA,NA,NA,448,NA,NA
"429","Data, Trends and Maps | Overweight & Obesity | CDC",NA,"https://www.cdc.gov/obesity/data/databases.html",NA,786,NA,NA,NA,454,NA,NA
"430","Locating and Tracking Adult Vaccine Records | CDC",NA,"https://www.cdc.gov/vaccines/adults/vaccination-records.html",NA,785,NA,NA,NA,608,NA,NA
"431","CDC - Parasites - Alphabetical Index of Parasitic Diseases","https://www.cdc.gov/parasites/az","https://www.cdc.gov/parasites/az",1025,784,241,23.51,525,421,104,19.81
"432","CDC - What Should I Know About Cervical Cancer Screening?",NA,"https://www.cdc.gov/cancer/cervical/basic_info/screening.htm",NA,783,NA,NA,NA,665,NA,NA
"433","Stopping the Spread of Germs at Home, Work & School | Seasonal Influenza (Flu) | CDC",NA,"https://www.cdc.gov/flu/protect/stopgerms.htm",NA,782,NA,NA,NA,573,NA,NA
"434","Chronic Disease Overview | Publications | Chronic Disease Prevention and Health Promotion | CDC",NA,"https://www.cdc.gov/chronicdisease/overview",NA,781,NA,NA,NA,612,NA,NA
"435","HEADS UP to Brain Injury Awareness | HEADS UP | CDC Injury Center",NA,"https://www.cdc.gov/HeadsUp",NA,780,NA,NA,NA,587,NA,NA
"436","How to Protect Yourself | Zika virus | CDC",NA,"https://www.cdc.gov/zika/pregnancy/protect-yourself.html",NA,777,NA,NA,NA,643,NA,NA
"437","Antiviral Drugs | Health Professionals | Seasonal Influenza (Flu)",NA,"https://www.cdc.gov/flu/professionals/antivirals",NA,777,NA,NA,NA,591,NA,NA
"438","CDC A-Z Index - H",NA,"",NA,777,NA,NA,NA,542,NA,NA
"439","Data and Statistics | Lyme Disease | CDC",NA,"https://www.cdc.gov/lyme/stats",NA,776,NA,NA,NA,474,NA,NA
"440","Vaccine Information Statement | Hib | Haemophilus Influenzae Type b |CDC",NA,"https://www.cdc.gov/vaccines/hcp/vis/vis-statements/hib.html",NA,774,NA,NA,NA,700,NA,NA
"441","Diagnosis and Treatment | General Information | Salmonella | CDC",NA,"https://www.cdc.gov/salmonella/general/diagnosis.html",NA,774,NA,NA,NA,622,NA,NA
"442","Vaccine Information Statement | Rabies | VIS | CDC",NA,"https://www.cdc.gov/vaccines/hcp/vis/vis-statements/rabies.html",NA,773,NA,NA,NA,671,NA,NA
"443","Pregnancy and Vaccination | Vaccines for Pregnant Women | CDC",NA,"https://www.cdc.gov/vaccines/pregnancy/pregnant-women",NA,772,NA,NA,NA,609,NA,NA
"444","CDC | Facts | Autism Spectrum Disorder (ASD) | NCBDDD",NA,"https://www.cdc.gov/ncbddd/autism/facts.html",NA,772,NA,NA,NA,577,NA,NA
"445","Datos clave sobre la influenza | Influenza (gripe) estacional | CDC",NA,"https://espanol.cdc.gov/enes/flu/keyfacts.htm",NA,770,NA,NA,NA,611,NA,NA
"446","Parents | Making the Vaccine Decision | CDC",NA,"https://www.cdc.gov/vaccines/parents/vaccine-decision",NA,770,NA,NA,NA,568,NA,NA
"447","National Diabetes Prevention Program | Diabetes | CDC",NA,"https://www.cdc.gov/diabetes/prevention",NA,766,NA,NA,NA,524,NA,NA
"448","Basics | Diabetes | CDC",NA,"https://www.cdc.gov/diabetes/basics",NA,766,NA,NA,NA,423,NA,NA
"449","Tratamiento - Medicamentos antivirales | Influenza (gripe) estacional | CDC",NA,"https://espanol.cdc.gov/enes/flu/antivirals",NA,762,NA,NA,NA,567,NA,NA
"450","Dengue | CDC",NA,"https://www.cdc.gov/dengue",NA,762,NA,NA,NA,538,NA,NA
"451","Q & A | Sepsis | CDC",NA,"https://www.cdc.gov/sepsis/basic/qa.html",NA,761,NA,NA,NA,674,NA,NA
"452","HCV FAQs for Health Professionals | Division of Viral Hepatitis | CDC",NA,"https://www.cdc.gov/hepatitis/hcv/hcvfaq.htm",NA,760,NA,NA,NA,588,NA,NA
"453","CDC – Genital Herpes Screening",NA,"https://www.cdc.gov/std/herpes/screening.htm",NA,759,NA,NA,NA,660,NA,NA
"454","CDC - DPDx Homepage",NA,"https://www.cdc.gov/dpdx",NA,758,NA,NA,NA,550,NA,NA
"455","CDC | Home | Autism Spectrum Disorder (ASD) | NCBDDD",NA,"https://www.cdc.gov/ncbddd/autism",NA,758,NA,NA,NA,547,NA,NA
"456","LDL & HDL: Good & Bad Cholesterol | cdc.gov",NA,"https://www.cdc.gov/cholesterol/ldl_hdl.htm",NA,756,NA,NA,NA,674,NA,NA
"457","Sepsis | CDC",NA,"https://www.cdc.gov/sepsis",NA,756,NA,NA,NA,603,NA,NA
"458","Mumps | Outbreak Questions and Answers for Patients | CDC",NA,"https://www.cdc.gov/mumps/outbreaks/outbreak-patient-qa.html",NA,755,NA,NA,NA,660,NA,NA
"459","Avian Influenza A Virus Infections in Humans | Avian Influenza (Flu)",NA,"https://www.cdc.gov/flu/avianflu/avian-in-humans.htm",NA,751,NA,NA,NA,615,NA,NA
"460","CDC - Child Development, Infants (0-1 years) - NCBDDD",NA,"https://www.cdc.gov/ncbddd/childdevelopment/positiveparenting/infants.html",NA,751,NA,NA,NA,590,NA,NA
"461","Virus del papiloma humano (VPH) y el cáncer orofaríngeo | Sexually",NA,"https://www.cdc.gov/std/spanish/vph/stdfact-hpvandoropharyngealcancer-sp.htm",NA,748,NA,NA,NA,657,NA,NA
"462","FastStats - Births and Natality",NA,"https://www.cdc.gov/nchs/fastats/births.htm",NA,744,NA,NA,NA,528,NA,NA
"463","Vaccine Information Statement | HPV Gardasil | VIS | CDC",NA,"https://www.cdc.gov/vaccines/hcp/vis/vis-statements/hpv-gardasil.html",NA,743,NA,NA,NA,666,NA,NA
"464","CDC - Mold - General Information: Facts about Stachybotrys chartarum and Other Molds",NA,"https://www.cdc.gov/mold/stachy.htm",NA,743,NA,NA,NA,641,NA,NA
"465","Information on Swine Influenza/Variant Influenza Virus | Swine/Variant Influenza (Flu)",NA,"https://www.cdc.gov/flu/swineflu",NA,743,NA,NA,NA,624,NA,NA
"466","Mumps | For Healthcare Providers | CDC",NA,"https://www.cdc.gov/mumps/hcp.html",NA,742,NA,NA,NA,613,NA,NA
"467","CDC - Child Development,Preschooler (3-5 years old) - NCBDDD",NA,"https://www.cdc.gov/ncbddd/childdevelopment/positiveparenting/preschoolers.html",NA,742,NA,NA,NA,590,NA,NA
"468","Prevent Mosquito Bites | Zika virus | CDC",NA,"https://www.cdc.gov/zika/prevention/prevent-mosquito-bites.html",NA,741,NA,NA,NA,602,NA,NA
"469","Mumps | Photos | CDC",NA,"https://www.cdc.gov/mumps/about/photos.html",NA,740,NA,NA,NA,640,NA,NA
"470","HAI Data and Statistics | HAI | CDC",NA,"https://www.cdc.gov/HAI/surveillance",NA,740,NA,NA,NA,552,NA,NA
"471","Tetanus | Symptoms and Complications | Lockjaw | CDC",NA,"https://www.cdc.gov/tetanus/about/symptoms-complications.html",NA,736,NA,NA,NA,617,NA,NA
"472","CDC Says “Take 3” Actions to Fight the Flu | Seasonal Influenza (Flu) | CDC",NA,"https://www.cdc.gov/flu/protect/preventing.htm",NA,734,NA,NA,NA,635,NA,NA
"473","Who Should not Get Vaccinated | CDC",NA,"https://www.cdc.gov/vaccines/vpd/should-not-vacc.html",NA,732,NA,NA,NA,639,NA,NA
"474","CDC | TB | Basic TB Facts | How TB Spreads",NA,"https://www.cdc.gov/tb/topic/basics/howtbspreads.htm",NA,732,NA,NA,NA,601,NA,NA
"475","VFC | Current CDC Vaccine Price List | CDC",NA,"https://www.cdc.gov/vaccines/programs/vfc/awardees/vaccine-management/price-list",NA,732,NA,NA,NA,595,NA,NA
"476","Healthcare Professionals | Home | Vaccines and Immunizations | CDC",NA,"https://www.cdc.gov/vaccines/hcp",NA,732,NA,NA,NA,483,NA,NA
"477","Pregnancy and Vaccination | Guidelines and Recommendations by Vaccine | CDC",NA,"https://www.cdc.gov/vaccines/pregnancy/hcp/guidelines.html",NA,730,NA,NA,NA,623,NA,NA
"478","CDC | TB | Basic TB Facts | Signs & Symptoms",NA,"https://www.cdc.gov/tb/topic/basics/signsandsymptoms.htm",NA,729,NA,NA,NA,606,NA,NA
"479","Adolescentes jóvenes (12 a 14 años) | Desarrollo infantil | NCBDDD | CDC",NA,"https://www.cdc.gov/ncbddd/spanish/childdevelopment/positiveparenting/adolescence.html",NA,728,NA,NA,NA,636,NA,NA
"480","Pregnant Women & Influenza (Flu) | Seasonal Influenza (Flu) | CDC",NA,"https://www.cdc.gov/flu/protect/vaccine/pregnant.htm",NA,728,NA,NA,NA,616,NA,NA
"481","Vaccine Information Statement | Meningococcal | VIS | CDC",NA,"https://www.cdc.gov/vaccines/hcp/vis/vis-statements/mening.html",NA,728,NA,NA,NA,613,NA,NA
"482","Mumps | Complications | CDC",NA,"https://www.cdc.gov/mumps/about/complications.html",NA,727,NA,NA,NA,625,NA,NA
"483","Distracted Driving | Motor Vehicle Safety | CDC Injury Center",NA,"https://www.cdc.gov/motorvehiclesafety/distracted_driving",NA,726,NA,NA,NA,576,NA,NA
"484","CDC - Fact Sheets-Alcohol Use And Health - Alcohol",NA,"https://www.cdc.gov/alcohol/fact-sheets/alcohol-use.htm",NA,724,NA,NA,NA,558,NA,NA
"485","Diseases & Conditions A-Z Index - B",NA,"https://www.cdc.gov/DiseasesConditions/az/b.html",NA,723,NA,NA,NA,477,NA,NA
"486","https://www2a.cdc.gov/vaccines/iis/iisstandards/vaccines.asp",NA,"https://www2a.cdc.gov/vaccines/iis/iisstandards/vaccines.asp",NA,722,NA,NA,NA,431,NA,NA
"487","Pre-Exposure Prophylaxis (PrEP) | HIV Risk and Prevention | HIV/AIDS | CDC",NA,"https://www.cdc.gov/hiv/risk/prep",NA,720,NA,NA,NA,586,NA,NA
"488","Childhood Obesity Causes & Consequences | Overweight & Obesity | CDC",NA,"https://www.cdc.gov/obesity/childhood/causes.html",NA,718,NA,NA,NA,573,NA,NA
"489","Chickenpox | Transmission | Varicella | CDC",NA,"https://www.cdc.gov/chickenpox/about/transmission.html",NA,715,NA,NA,NA,586,NA,NA
"490","2014 Statistics Report | Data & Statistics | Diabetes | CDC",NA,"https://www.cdc.gov/diabetes/data/statistics/2014statisticsreport.html",NA,715,NA,NA,NA,548,NA,NA
"491","Meningococcal | Home | CDC",NA,"https://www.cdc.gov/meningococcal",NA,714,NA,NA,NA,576,NA,NA
"492","Japanese Encephalitis | CDC",NA,"https://www.cdc.gov/japaneseencephalitis",NA,714,NA,NA,NA,534,NA,NA
"493","Chickenpox | Photos | Varicella | CDC",NA,"https://www.cdc.gov/chickenpox/about/photos.html",NA,714,NA,NA,NA,476,NA,NA
"494","CDC - Mold - General Information - Basic Facts",NA,"https://www.cdc.gov/mold/faqs.htm",NA,713,NA,NA,NA,591,NA,NA
"495","Hepatitis A Information | Division of Viral Hepatitis | CDC",NA,"https://www.cdc.gov/hepatitis/hav",NA,713,NA,NA,NA,554,NA,NA
"496","Prevención de embarazos en adolescentes",NA,"https://www.cdc.gov/spanish/signosvitales/larc",NA,713,NA,NA,NA,506,NA,NA
"497","Rapid Influenza Diagnostic Tests | Health Professionals | Seasonal Influenza (Flu)",NA,"https://www.cdc.gov/flu/professionals/diagnosis/clinician_guidance_ridt.htm",NA,712,NA,NA,NA,614,NA,NA
"498","Medicamentos antivirales para la influenza: Resumen para médicos | Profesionales de la salud | Infl",NA,"https://espanol.cdc.gov/enes/flu/professionals/antivirals/summary-clinicians.htm",NA,711,NA,NA,NA,622,NA,NA
"499","Conjunctivitis | Pink Eye | Treatment | CDC",NA,"https://www.cdc.gov/conjunctivitis/about/treatment.html",NA,711,NA,NA,NA,615,NA,NA
"500","General Information | Shigella – Shigellosis | CDC",NA,"https://www.cdc.gov/shigella/general-information.html",NA,711,NA,NA,NA,591,NA,NA
